timestamp,ref,pkg,name,ns_op,bytes_op,allocs_op
20260829T174849Z,nogit,./internal/utils,BenchmarkDiffLinesLCS-10,843816,1040389,2
20260829T174849Z,nogit,./internal/utils,BenchmarkDiffLines-10,7488,54016,6
20260829T174849Z,nogit,./internal/utils,BenchmarkDiffLinesMyers-10,12172,100096,6
20260829T174849Z,nogit,./internal/utils,BenchmarkDiffLinesMyers_LargeSimilar-10,122005,984834,6
20260829T174849Z,nogit,./internal/utils,BenchmarkDiffLinesLCS_LargeSimilar-10,82650077,100368384,2
20260829T174849Z,nogit,./internal/utils,BenchmarkDiffLines_LargeSimilar-10,64237,354048,6
20260829T174849Z,nogit,./internal/utils,BenchmarkDiffLines_LargeDissimilar-10,44245519,102593024,364
20260829T174849Z,nogit,./internal/utils,BenchmarkDiffLinesMyers_ExtraLargeSimilar-10,42319125,433661696,6
20260829T174849Z,nogit,./internal/utils,BenchmarkDiffLines_ExtraLargeSimilar-10,19834384,144713472,6
20260829T174849Z,nogit,./internal/utils,BenchmarkDiffLines_ExtraLargeDissimilar_BailoutOnly-10,12875767,97810176,2391
20260829T174849Z,nogit,./internal/utils,BenchmarkDiffLines_ExtraLargeDissimilar-10,1507001584,2152792576,479
20260829T174849Z,nogit,./internal/utils,BenchmarkNewUUID-10,418.0,48,1
20260829T174941Z,nogit,./internal/utils,BenchmarkDiffLinesLCS-10,793261,1040389,2
20260829T174941Z,nogit,./internal/utils,BenchmarkDiffLines-10,7516,54016,6
20260829T174941Z,nogit,./internal/utils,BenchmarkDiffLinesMyers-10,12428,100096,6
20260829T174941Z,nogit,./internal/utils,BenchmarkDiffLinesMyers_LargeSimilar-10,113780,984832,6
20260829T174941Z,nogit,./internal/utils,BenchmarkDiffLinesLCS_LargeSimilar-10,81694003,100368384,2
20260829T174941Z,nogit,./internal/utils,BenchmarkDiffLines_LargeSimilar-10,64921,354048,6
20260829T174941Z,nogit,./internal/utils,BenchmarkDiffLines_LargeDissimilar-10,44357486,102593024,364
20260829T174941Z,nogit,./internal/utils,BenchmarkDiffLinesMyers_ExtraLargeSimilar-10,33967132,433661697,6
20260829T174941Z,nogit,./internal/utils,BenchmarkDiffLines_ExtraLargeSimilar-10,19654196,144713472,6
20260829T174941Z,nogit,./internal/utils,BenchmarkDiffLines_ExtraLargeDissimilar_BailoutOnly-10,13263375,97810176,2391
20260829T174941Z,nogit,./internal/utils,BenchmarkDiffLines_ExtraLargeDissimilar-10,1883565209,2152792576,479
20260829T174941Z,nogit,./internal/utils,BenchmarkNewUUID-10,415.0,48,1
20260829T175120Z,nogit,./internal/utils,BenchmarkDiffLinesLCS-10,842715,1040390,2
20260829T175120Z,nogit,./internal/utils,BenchmarkDiffLinesLCS-10,821440,1040386,2
20260829T175120Z,nogit,./internal/utils,BenchmarkDiffLinesLCS-10,812889,1040385,2
20260829T175120Z,nogit,./internal/utils,BenchmarkDiffLinesLCS-10,805303,1040385,2
20260829T175120Z,nogit,./internal/utils,BenchmarkDiffLinesLCS-10,803274,1040385,2
20260829T175120Z,nogit,./internal/utils,BenchmarkDiffLinesLCS-10,800044,1040385,2
20260829T175120Z,nogit,./internal/utils,BenchmarkDiffLines-10,7332,54016,6
20260829T175120Z,nogit,./internal/utils,BenchmarkDiffLines-10,7506,54016,6
20260829T175120Z,nogit,./internal/utils,BenchmarkDiffLines-10,7492,54016,6
20260829T175120Z,nogit,./internal/utils,BenchmarkDiffLines-10,7506,54016,6
20260829T175120Z,nogit,./internal/utils,BenchmarkDiffLines-10,7429,54016,6
20260829T175120Z,nogit,./internal/utils,BenchmarkDiffLines-10,7510,54016,6
20260829T175120Z,nogit,./internal/utils,BenchmarkDiffLinesMyers-10,12301,100096,6
20260829T175120Z,nogit,./internal/utils,BenchmarkDiffLinesMyers-10,12377,100096,6
20260829T175120Z,nogit,./internal/utils,BenchmarkDiffLinesMyers-10,12496,100096,6
20260829T175120Z,nogit,./internal/utils,BenchmarkDiffLinesMyers-10,12520,100096,6
20260829T175120Z,nogit,./internal/utils,BenchmarkDiffLinesMyers-10,12776,100096,6
20260829T175120Z,nogit,./internal/utils,BenchmarkDiffLinesMyers-10,12522,100096,6
20260829T175120Z,nogit,./internal/utils,BenchmarkDiffLinesMyers_LargeSimilar-10,111516,984832,6
20260829T175120Z,nogit,./internal/utils,BenchmarkDiffLinesMyers_LargeSimilar-10,114069,984832,6
20260829T175120Z,nogit,./internal/utils,BenchmarkDiffLinesMyers_LargeSimilar-10,110412,984832,6
20260829T175120Z,nogit,./internal/utils,BenchmarkDiffLinesMyers_LargeSimilar-10,113088,984832,6
20260829T175120Z,nogit,./internal/utils,BenchmarkDiffLinesMyers_LargeSimilar-10,110995,984832,6
20260829T175120Z,nogit,./internal/utils,BenchmarkDiffLinesMyers_LargeSimilar-10,141977,984835,6
20260829T175120Z,nogit,./internal/utils,BenchmarkDiffLinesLCS_LargeSimilar-10,81584330,100368384,2
20260829T175120Z,nogit,./internal/utils,BenchmarkDiffLinesLCS_LargeSimilar-10,81311670,100368392,2
20260829T175120Z,nogit,./internal/utils,BenchmarkDiffLinesLCS_LargeSimilar-10,81785893,100368384,2
20260829T175120Z,nogit,./internal/utils,BenchmarkDiffLinesLCS_LargeSimilar-10,81373149,100368384,2
20260829T175120Z,nogit,./internal/utils,BenchmarkDiffLinesLCS_LargeSimilar-10,79706936,100368384,2
20260829T175120Z,nogit,./internal/utils,BenchmarkDiffLinesLCS_LargeSimilar-10,79976233,100368384,2
20260829T175120Z,nogit,./internal/utils,BenchmarkDiffLines_LargeSimilar-10,63891,354048,6
20260829T175120Z,nogit,./internal/utils,BenchmarkDiffLines_LargeSimilar-10,65384,354048,6
20260829T175120Z,nogit,./internal/utils,BenchmarkDiffLines_LargeSimilar-10,64838,354048,6
20260829T175120Z,nogit,./internal/utils,BenchmarkDiffLines_LargeSimilar-10,65813,354048,6
20260829T175120Z,nogit,./internal/utils,BenchmarkDiffLines_LargeSimilar-10,64335,354048,6
20260829T175120Z,nogit,./internal/utils,BenchmarkDiffLines_LargeSimilar-10,64814,354048,6
20260829T175120Z,nogit,./internal/utils,BenchmarkDiffLines_LargeDissimilar-10,44094247,102593024,364
20260829T175120Z,nogit,./internal/utils,BenchmarkDiffLines_LargeDissimilar-10,44256938,102593024,364
20260829T175120Z,nogit,./internal/utils,BenchmarkDiffLines_LargeDissimilar-10,44950030,102593024,364
20260829T175120Z,nogit,./internal/utils,BenchmarkDiffLines_LargeDissimilar-10,44038995,102593024,364
20260829T175120Z,nogit,./internal/utils,BenchmarkDiffLines_LargeDissimilar-10,43908614,102593024,364
20260829T175120Z,nogit,./internal/utils,BenchmarkDiffLines_LargeDissimilar-10,43927497,102593024,364
20260829T175120Z,nogit,./internal/utils,BenchmarkDiffLinesMyers_ExtraLargeSimilar-10,45979998,433661938,6
20260829T175120Z,nogit,./internal/utils,BenchmarkDiffLinesMyers_ExtraLargeSimilar-10,34274370,433661696,6
20260829T175120Z,nogit,./internal/utils,BenchmarkDiffLinesMyers_ExtraLargeSimilar-10,32470515,433661696,6
20260829T175120Z,nogit,./internal/utils,BenchmarkDiffLinesMyers_ExtraLargeSimilar-10,32229626,433661696,6
20260829T175120Z,nogit,./internal/utils,BenchmarkDiffLinesMyers_ExtraLargeSimilar-10,33541618,433661696,6
20260829T175120Z,nogit,./internal/utils,BenchmarkDiffLinesMyers_ExtraLargeSimilar-10,33950218,433661696,6
20260829T175120Z,nogit,./internal/utils,BenchmarkDiffLines_ExtraLargeSimilar-10,19736337,144713472,6
20260829T175120Z,nogit,./internal/utils,BenchmarkDiffLines_ExtraLargeSimilar-10,20431873,144713473,6
20260829T175120Z,nogit,./internal/utils,BenchmarkDiffLines_ExtraLargeSimilar-10,19693947,144713473,6
20260829T175120Z,nogit,./internal/utils,BenchmarkDiffLines_ExtraLargeSimilar-10,19700692,144713472,6
20260829T175120Z,nogit,./internal/utils,BenchmarkDiffLines_ExtraLargeSimilar-10,20030459,144713472,6
20260829T175120Z,nogit,./internal/utils,BenchmarkDiffLines_ExtraLargeSimilar-10,19666842,144713472,6
20260829T175120Z,nogit,./internal/utils,BenchmarkDiffLines_ExtraLargeDissimilar_BailoutOnly-10,13510621,97810176,2391
20260829T175120Z,nogit,./internal/utils,BenchmarkDiffLines_ExtraLargeDissimilar_BailoutOnly-10,13309970,97810176,2391
20260829T175120Z,nogit,./internal/utils,BenchmarkDiffLines_ExtraLargeDissimilar_BailoutOnly-10,13632256,97810176,2391
20260829T175120Z,nogit,./internal/utils,BenchmarkDiffLines_ExtraLargeDissimilar_BailoutOnly-10,13666020,97810176,2391
20260829T175120Z,nogit,./internal/utils,BenchmarkDiffLines_ExtraLargeDissimilar_BailoutOnly-10,13348756,97810176,2391
20260829T175120Z,nogit,./internal/utils,BenchmarkDiffLines_ExtraLargeDissimilar_BailoutOnly-10,13413448,97810176,2391
20260829T175120Z,nogit,./internal/utils,BenchmarkDiffLines_ExtraLargeDissimilar-10,1807390333,2152792576,479
20260829T175120Z,nogit,./internal/utils,BenchmarkDiffLines_ExtraLargeDissimilar-10,1030643084,2152792576,479
20260829T175120Z,nogit,./internal/utils,BenchmarkDiffLines_ExtraLargeDissimilar-10,1186989021,2152792576,479
20260829T175120Z,nogit,./internal/utils,BenchmarkDiffLines_ExtraLargeDissimilar-10,1249519584,2152792576,479
20260829T175120Z,nogit,./internal/utils,BenchmarkDiffLines_ExtraLargeDissimilar-10,1510292000,2152792576,479
20260829T175120Z,nogit,./internal/utils,BenchmarkDiffLines_ExtraLargeDissimilar-10,1217560312,2152792576,479
20260829T175120Z,nogit,./internal/utils,BenchmarkNewUUID-10,414.0,48,1
20260829T175120Z,nogit,./internal/utils,BenchmarkNewUUID-10,413.0,48,1
20260829T175120Z,nogit,./internal/utils,BenchmarkNewUUID-10,413.5,48,1
20260829T175120Z,nogit,./internal/utils,BenchmarkNewUUID-10,412.2,48,1
20260829T175120Z,nogit,./internal/utils,BenchmarkNewUUID-10,413.0,48,1
20260829T175120Z,nogit,./internal/utils,BenchmarkNewUUID-10,413.6,48,1
20260829T175319Z,nogit,./internal/utils,BenchmarkDiffLinesLCS-10,795832,1040393,2
20260829T175319Z,nogit,./internal/utils,BenchmarkDiffLinesLCS-10,807151,1040389,2
20260829T175319Z,nogit,./internal/utils,BenchmarkDiffLinesLCS-10,799685,1040386,2
20260829T175319Z,nogit,./internal/utils,BenchmarkDiffLinesLCS-10,799933,1040385,2
20260829T175319Z,nogit,./internal/utils,BenchmarkDiffLinesLCS-10,813288,1040386,2
20260829T175319Z,nogit,./internal/utils,BenchmarkDiffLinesLCS-10,802673,1040385,2
20260829T175319Z,nogit,./internal/utils,BenchmarkDiffLines-10,7523,54016,6
20260829T175319Z,nogit,./internal/utils,BenchmarkDiffLines-10,7535,54016,6
20260829T175319Z,nogit,./internal/utils,BenchmarkDiffLines-10,7570,54016,6
20260829T175319Z,nogit,./internal/utils,BenchmarkDiffLines-10,7589,54016,6
20260829T175319Z,nogit,./internal/utils,BenchmarkDiffLines-10,7575,54016,6
20260829T175319Z,nogit,./internal/utils,BenchmarkDiffLines-10,7565,54016,6
20260829T175319Z,nogit,./internal/utils,BenchmarkDiffLinesMyers-10,12673,100096,6
20260829T175319Z,nogit,./internal/utils,BenchmarkDiffLinesMyers-10,12666,100096,6
20260829T175319Z,nogit,./internal/utils,BenchmarkDiffLinesMyers-10,12614,100096,6
20260829T175319Z,nogit,./internal/utils,BenchmarkDiffLinesMyers-10,12584,100096,6
20260829T175319Z,nogit,./internal/utils,BenchmarkDiffLinesMyers-10,12647,100096,6
20260829T175319Z,nogit,./internal/utils,BenchmarkDiffLinesMyers-10,12631,100096,6
20260829T175319Z,nogit,./internal/utils,BenchmarkDiffLinesMyers_LargeSimilar-10,114782,984832,6
20260829T175319Z,nogit,./internal/utils,BenchmarkDiffLinesMyers_LargeSimilar-10,114809,984832,6
20260829T175319Z,nogit,./internal/utils,BenchmarkDiffLinesMyers_LargeSimilar-10,123275,984833,6
20260829T175319Z,nogit,./internal/utils,BenchmarkDiffLinesMyers_LargeSimilar-10,110611,984832,6
20260829T175319Z,nogit,./internal/utils,BenchmarkDiffLinesMyers_LargeSimilar-10,126380,984833,6
20260829T175319Z,nogit,./internal/utils,BenchmarkDiffLinesMyers_LargeSimilar-10,140994,984834,6
20260829T175319Z,nogit,./internal/utils,BenchmarkDiffLinesLCS_LargeSimilar-10,81611866,100368384,2
20260829T175319Z,nogit,./internal/utils,BenchmarkDiffLinesLCS_LargeSimilar-10,80079521,100368384,2
20260829T175319Z,nogit,./internal/utils,BenchmarkDiffLinesLCS_LargeSimilar-10,80193317,100368384,2
20260829T175319Z,nogit,./internal/utils,BenchmarkDiffLinesLCS_LargeSimilar-10,79521092,100368384,2
20260829T175319Z,nogit,./internal/utils,BenchmarkDiffLinesLCS_LargeSimilar-10,81055264,100368384,2
20260829T175319Z,nogit,./internal/utils,BenchmarkDiffLinesLCS_LargeSimilar-10,79811554,100368384,2
20260829T175319Z,nogit,./internal/utils,BenchmarkDiffLines_LargeSimilar-10,66762,354048,6
20260829T175319Z,nogit,./internal/utils,BenchmarkDiffLines_LargeSimilar-10,67032,354048,6
20260829T175319Z,nogit,./internal/utils,BenchmarkDiffLines_LargeSimilar-10,67557,354048,6
20260829T175319Z,nogit,./internal/utils,BenchmarkDiffLines_LargeSimilar-10,67449,354048,6
20260829T175319Z,nogit,./internal/utils,BenchmarkDiffLines_LargeSimilar-10,65298,354049,6
20260829T175319Z,nogit,./internal/utils,BenchmarkDiffLines_LargeSimilar-10,66880,354049,6
20260829T175319Z,nogit,./internal/utils,BenchmarkDiffLines_LargeDissimilar-10,42700776,102593024,364
20260829T175319Z,nogit,./internal/utils,BenchmarkDiffLines_LargeDissimilar-10,43695980,102593024,364
20260829T175319Z,nogit,./internal/utils,BenchmarkDiffLines_LargeDissimilar-10,44090239,102593024,364
20260829T175319Z,nogit,./internal/utils,BenchmarkDiffLines_LargeDissimilar-10,43396914,102593024,364
20260829T175319Z,nogit,./internal/utils,BenchmarkDiffLines_LargeDissimilar-10,43294593,102593024,364
20260829T175319Z,nogit,./internal/utils,BenchmarkDiffLines_LargeDissimilar-10,43204942,102593032,364
20260829T175319Z,nogit,./internal/utils,BenchmarkDiffLinesMyers_ExtraLargeSimilar-10,35466792,433661696,6
20260829T175319Z,nogit,./internal/utils,BenchmarkDiffLinesMyers_ExtraLargeSimilar-10,32778756,433661843,6
20260829T175319Z,nogit,./internal/utils,BenchmarkDiffLinesMyers_ExtraLargeSimilar-10,32581417,433661696,6
20260829T175319Z,nogit,./internal/utils,BenchmarkDiffLinesMyers_ExtraLargeSimilar-10,33555192,433661696,6
20260829T175319Z,nogit,./internal/utils,BenchmarkDiffLinesMyers_ExtraLargeSimilar-10,32995253,433661696,6
20260829T175319Z,nogit,./internal/utils,BenchmarkDiffLinesMyers_ExtraLargeSimilar-10,33173707,433661696,6
20260829T175319Z,nogit,./internal/utils,BenchmarkDiffLines_ExtraLargeSimilar-10,20163797,144713472,6
20260829T175319Z,nogit,./internal/utils,BenchmarkDiffLines_ExtraLargeSimilar-10,19959742,144713472,6
20260829T175319Z,nogit,./internal/utils,BenchmarkDiffLines_ExtraLargeSimilar-10,20262425,144713472,6
20260829T175319Z,nogit,./internal/utils,BenchmarkDiffLines_ExtraLargeSimilar-10,20357558,144713472,6
20260829T175319Z,nogit,./internal/utils,BenchmarkDiffLines_ExtraLargeSimilar-10,20232779,144713472,6
20260829T175319Z,nogit,./internal/utils,BenchmarkDiffLines_ExtraLargeSimilar-10,20432009,144713473,6
20260829T175319Z,nogit,./internal/utils,BenchmarkDiffLines_ExtraLargeDissimilar_BailoutOnly-10,13657755,97810176,2391
20260829T175319Z,nogit,./internal/utils,BenchmarkDiffLines_ExtraLargeDissimilar_BailoutOnly-10,13594816,97810177,2391
20260829T175319Z,nogit,./internal/utils,BenchmarkDiffLines_ExtraLargeDissimilar_BailoutOnly-10,13226370,97810177,2391
20260829T175319Z,nogit,./internal/utils,BenchmarkDiffLines_ExtraLargeDissimilar_BailoutOnly-10,13735340,97810176,2391
20260829T175319Z,nogit,./internal/utils,BenchmarkDiffLines_ExtraLargeDissimilar_BailoutOnly-10,13892040,97810176,2391
20260829T175319Z,nogit,./internal/utils,BenchmarkDiffLines_ExtraLargeDissimilar_BailoutOnly-10,13527638,97810176,2391
20260829T175319Z,nogit,./internal/utils,BenchmarkDiffLines_ExtraLargeDissimilar-10,1569495542,2152792576,479
20260829T175319Z,nogit,./internal/utils,BenchmarkDiffLines_ExtraLargeDissimilar-10,1152753354,2152792576,479
20260829T175319Z,nogit,./internal/utils,BenchmarkDiffLines_ExtraLargeDissimilar-10,1232395104,2152792576,479
20260829T175319Z,nogit,./internal/utils,BenchmarkDiffLines_ExtraLargeDissimilar-10,1574864583,2152792576,479
20260829T175319Z,nogit,./internal/utils,BenchmarkDiffLines_ExtraLargeDissimilar-10,1225189104,2152792576,479
20260829T175319Z,nogit,./internal/utils,BenchmarkDiffLines_ExtraLargeDissimilar-10,1588082666,2152792576,479
20260829T175319Z,nogit,./internal/utils,BenchmarkNewUUID-10,416.9,48,1
20260829T175319Z,nogit,./internal/utils,BenchmarkNewUUID-10,416.0,48,1
20260829T175319Z,nogit,./internal/utils,BenchmarkNewUUID-10,413.7,48,1
20260829T175319Z,nogit,./internal/utils,BenchmarkNewUUID-10,413.6,48,1
20260829T175319Z,nogit,./internal/utils,BenchmarkNewUUID-10,412.9,48,1
20260829T175319Z,nogit,./internal/utils,BenchmarkNewUUID-10,413.3,48,1
20260829T175740Z,nogit,./internal/spiff_fs,BenchmarkFS_SaveFile-10,271634,478,6
20260829T175740Z,nogit,./internal/spiff_fs,BenchmarkFS_SaveFile-10,283008,472,6
20260829T175740Z,nogit,./internal/spiff_fs,BenchmarkFS_SaveFile-10,288385,471,6
20260829T175740Z,nogit,./internal/spiff_fs,BenchmarkFS_SaveFile-10,274891,456,6
20260829T175740Z,nogit,./internal/spiff_fs,BenchmarkFS_SaveFile-10,285781,465,6
20260829T175740Z,nogit,./internal/spiff_fs,BenchmarkFS_SaveFile-10,289356,464,6
20260829T175740Z,nogit,./internal/spiff_fs,BenchmarkFS_GetSavedFile-10,105180,363,4
20260829T175740Z,nogit,./internal/spiff_fs,BenchmarkFS_GetSavedFile-10,106045,363,4
20260829T175740Z,nogit,./internal/spiff_fs,BenchmarkFS_GetSavedFile-10,105717,362,4
20260829T175740Z,nogit,./internal/spiff_fs,BenchmarkFS_GetSavedFile-10,105386,361,4
20260829T175740Z,nogit,./internal/spiff_fs,BenchmarkFS_GetSavedFile-10,105840,362,4
20260829T175740Z,nogit,./internal/spiff_fs,BenchmarkFS_GetSavedFile-10,105913,362,4
20260829T175740Z,nogit,./internal/spiff_fs,BenchmarkFS_CompareFiles-10,256982,107728,35
20260829T175740Z,nogit,./internal/spiff_fs,BenchmarkFS_CompareFiles-10,254354,107728,35
20260829T175740Z,nogit,./internal/spiff_fs,BenchmarkFS_CompareFiles-10,254610,107728,35
20260829T175740Z,nogit,./internal/spiff_fs,BenchmarkFS_CompareFiles-10,254122,107729,35
20260829T175740Z,nogit,./internal/spiff_fs,BenchmarkFS_CompareFiles-10,253909,107728,35
20260829T175740Z,nogit,./internal/spiff_fs,BenchmarkFS_CompareFiles-10,252810,107728,35
20260829T175959Z,nogit,./internal/httphandlers,BenchmarkUploadHandler-10,291891,6713,26
20260829T175959Z,nogit,./internal/httphandlers,BenchmarkUploadHandler-10,289097,6731,26
20260829T175959Z,nogit,./internal/httphandlers,BenchmarkUploadHandler-10,276114,6719,26
20260829T175959Z,nogit,./internal/httphandlers,BenchmarkUploadHandler-10,284338,6727,26
20260829T175959Z,nogit,./internal/httphandlers,BenchmarkUploadHandler-10,284764,6726,26
20260829T175959Z,nogit,./internal/httphandlers,BenchmarkUploadHandler-10,285357,6697,26
20260829T175959Z,nogit,./internal/httphandlers,BenchmarkDownloadHandler-10,108593,10726,23
20260829T175959Z,nogit,./internal/httphandlers,BenchmarkDownloadHandler-10,108195,10711,23
20260829T175959Z,nogit,./internal/httphandlers,BenchmarkDownloadHandler-10,109375,10729,23
20260829T175959Z,nogit,./internal/httphandlers,BenchmarkDownloadHandler-10,110245,10730,23
20260829T175959Z,nogit,./internal/httphandlers,BenchmarkDownloadHandler-10,109676,10739,23
20260829T175959Z,nogit,./internal/httphandlers,BenchmarkDownloadHandler-10,109340,10736,23
20260829T175959Z,nogit,./internal/httphandlers,BenchmarkCompareHandler-10,257050,126725,58
20260829T175959Z,nogit,./internal/httphandlers,BenchmarkCompareHandler-10,257459,126724,58
20260829T175959Z,nogit,./internal/httphandlers,BenchmarkCompareHandler-10,256113,126724,58
20260829T175959Z,nogit,./internal/httphandlers,BenchmarkCompareHandler-10,256638,126724,58
20260829T175959Z,nogit,./internal/httphandlers,BenchmarkCompareHandler-10,257492,126724,58
20260829T175959Z,nogit,./internal/httphandlers,BenchmarkCompareHandler-10,261978,126724,58
20260829T191827Z,nogit,./internal/grpcserver,BenchmarkChunkReader_Read-10,25251,41526.12,832
20260829T191827Z,nogit,./internal/grpcserver,BenchmarkChunkReader_Read-10,31850,32921.93,832
20260829T191827Z,nogit,./internal/grpcserver,BenchmarkChunkReader_Read-10,29303,35783.87,832
20260829T191827Z,nogit,./internal/grpcserver,BenchmarkChunkReader_Read-10,28530,36753.90,832
20260829T191827Z,nogit,./internal/grpcserver,BenchmarkChunkReader_Read-10,26875,39016.63,832
20260829T191827Z,nogit,./internal/grpcserver,BenchmarkChunkReader_Read-10,28398,36924.85,832
20260829T191827Z,nogit,./internal/grpcserver,BenchmarkChunkWriter_Write-10,49.58,21148648.99,88
20260829T191827Z,nogit,./internal/grpcserver,BenchmarkChunkWriter_Write-10,49.53,21170902.22,88
20260829T191827Z,nogit,./internal/grpcserver,BenchmarkChunkWriter_Write-10,49.50,21182712.61,88
20260829T191827Z,nogit,./internal/grpcserver,BenchmarkChunkWriter_Write-10,49.59,21143660.68,88
20260829T191827Z,nogit,./internal/grpcserver,BenchmarkChunkWriter_Write-10,49.72,21090721.16,88
20260829T191827Z,nogit,./internal/grpcserver,BenchmarkChunkWriter_Write-10,49.67,21111954.29,88
20260829T191827Z,nogit,./internal/grpcserver,BenchmarkHandler_Upload-10,448121,33610,11
20260829T191827Z,nogit,./internal/grpcserver,BenchmarkHandler_Upload-10,459896,33558,11
20260829T191827Z,nogit,./internal/grpcserver,BenchmarkHandler_Upload-10,431608,33584,11
20260829T191827Z,nogit,./internal/grpcserver,BenchmarkHandler_Upload-10,451708,33645,11
20260829T191827Z,nogit,./internal/grpcserver,BenchmarkHandler_Upload-10,430974,33648,11
20260829T191827Z,nogit,./internal/grpcserver,BenchmarkHandler_Upload-10,491210,33607,11
20260829T191827Z,nogit,./internal/grpcserver,BenchmarkHandler_Download-10,111197,33409,8
20260829T191827Z,nogit,./internal/grpcserver,BenchmarkHandler_Download-10,112946,33411,8
20260829T191827Z,nogit,./internal/grpcserver,BenchmarkHandler_Download-10,110723,33429,8
20260829T191827Z,nogit,./internal/grpcserver,BenchmarkHandler_Download-10,111687,33419,8
20260829T191827Z,nogit,./internal/grpcserver,BenchmarkHandler_Download-10,110945,33404,8
20260829T191827Z,nogit,./internal/grpcserver,BenchmarkHandler_Download-10,112072,33415,8
20260901T151210Z,nogit,./...,BenchmarkChunkReader_Read-10,28895,36289.45,832
20260901T151210Z,nogit,./...,BenchmarkChunkReader_Read-10,25818,40614.40,832
20260901T151210Z,nogit,./...,BenchmarkChunkReader_Read-10,25990,40345.42,832
20260901T151210Z,nogit,./...,BenchmarkChunkReader_Read-10,29785,35204.75,832
20260901T151210Z,nogit,./...,BenchmarkChunkReader_Read-10,25709,40786.58,832
20260901T151210Z,nogit,./...,BenchmarkChunkReader_Read-10,29983,34972.04,832
20260901T151210Z,nogit,./...,BenchmarkChunkWriter_Write-10,48.42,21655157.58,88
20260901T151210Z,nogit,./...,BenchmarkChunkWriter_Write-10,48.11,21796577.49,88
20260901T151210Z,nogit,./...,BenchmarkChunkWriter_Write-10,48.27,21722516.42,88
20260901T151210Z,nogit,./...,BenchmarkChunkWriter_Write-10,48.09,21804847.78,88
20260901T151210Z,nogit,./...,BenchmarkChunkWriter_Write-10,47.98,21854889.09,88
20260901T151210Z,nogit,./...,BenchmarkChunkWriter_Write-10,48.13,21785688.08,88
20260901T151210Z,nogit,./...,BenchmarkHandler_Upload_InProcess-10,530529,33629,11
20260901T151210Z,nogit,./...,BenchmarkHandler_Upload_InProcess-10,503602,33671,11
20260901T151210Z,nogit,./...,BenchmarkHandler_Upload_InProcess-10,506425,33602,11
20260901T151210Z,nogit,./...,BenchmarkHandler_Upload_InProcess-10,430743,33659,11
20260901T151210Z,nogit,./...,BenchmarkHandler_Upload_InProcess-10,456744,33630,11
20260901T151210Z,nogit,./...,BenchmarkHandler_Upload_InProcess-10,470958,33618,11
20260901T151210Z,nogit,./...,BenchmarkHandler_Download_InProcess-10,111429,33379,8
20260901T151210Z,nogit,./...,BenchmarkHandler_Download_InProcess-10,112279,33436,8
20260901T151210Z,nogit,./...,BenchmarkHandler_Download_InProcess-10,111956,33392,8
20260901T151210Z,nogit,./...,BenchmarkHandler_Download_InProcess-10,112123,33399,8
20260901T151210Z,nogit,./...,BenchmarkHandler_Download_InProcess-10,112574,33390,8
20260901T151210Z,nogit,./...,BenchmarkHandler_Download_InProcess-10,112458,33406,8
20260901T151210Z,nogit,./...,BenchmarkHandler_Fetch_InProcess-10,287451,33626,11
20260901T151210Z,nogit,./...,BenchmarkHandler_Fetch_InProcess-10,281850,33642,11
20260901T151210Z,nogit,./...,BenchmarkHandler_Fetch_InProcess-10,280134,33630,11
20260901T151210Z,nogit,./...,BenchmarkHandler_Fetch_InProcess-10,280718,33681,11
20260901T151210Z,nogit,./...,BenchmarkHandler_Fetch_InProcess-10,273359,33667,11
20260901T151210Z,nogit,./...,BenchmarkHandler_Fetch_InProcess-10,286271,33681,11
20260901T151210Z,nogit,./...,BenchmarkLiveGRPC_Upload-10,443507,59338,177
20260901T151210Z,nogit,./...,BenchmarkLiveGRPC_Upload-10,16:12:58.417847,[Info],server
20260901T151210Z,nogit,./...,BenchmarkLiveGRPC_Upload-10,16:12:59.977685,[Info],server
20260901T151210Z,nogit,./...,BenchmarkLiveGRPC_Upload-10,16:13:01.583049,[Info],server
20260901T151210Z,nogit,./...,BenchmarkLiveGRPC_Upload-10,16:13:03.293789,[Info],server
20260901T151210Z,nogit,./...,BenchmarkLiveGRPC_Upload-10,16:13:04.876605,[Info],server
20260901T151210Z,nogit,./...,BenchmarkLiveGRPC_Download-10,265416,62232,174
20260901T151210Z,nogit,./...,BenchmarkLiveGRPC_Download-10,16:13:07.855396,[Info],server
20260901T151210Z,nogit,./...,BenchmarkLiveGRPC_Download-10,16:13:09.309906,[Info],server
20260901T151210Z,nogit,./...,BenchmarkLiveGRPC_Download-10,16:13:10.686329,[Info],server
20260901T151210Z,nogit,./...,BenchmarkLiveGRPC_Download-10,16:13:11.946485,[Info],server
20260901T151210Z,nogit,./...,BenchmarkLiveGRPC_Download-10,16:13:13.226789,[Info],server
20260901T151210Z,nogit,./...,BenchmarkLiveGRPC_Compare-10,669510,136782,186
20260901T151210Z,nogit,./...,BenchmarkLiveGRPC_Compare-10,16:13:15.785786,[Info],server
20260901T151210Z,nogit,./...,BenchmarkLiveGRPC_Compare-10,16:13:17.275081,[Info],server
20260901T151210Z,nogit,./...,BenchmarkLiveGRPC_Compare-10,16:13:18.757955,[Info],server
20260901T151210Z,nogit,./...,BenchmarkLiveGRPC_Compare-10,16:13:20.079510,[Info],server
20260901T151210Z,nogit,./...,BenchmarkLiveGRPC_Compare-10,16:13:21.513866,[Info],server
20260901T151210Z,nogit,./...,BenchmarkLiveGRPC_Fetch-10,817659,71841,264
20260901T151210Z,nogit,./...,BenchmarkLiveGRPC_Fetch-10,16:13:24.659628,[Info],server
20260901T151210Z,nogit,./...,BenchmarkLiveGRPC_Fetch-10,16:13:26.263894,[Info],server
20260901T151210Z,nogit,./...,BenchmarkLiveGRPC_Fetch-10,16:13:27.783415,[Info],server
20260901T151210Z,nogit,./...,BenchmarkLiveGRPC_Fetch-10,16:13:29.199144,[Info],server
20260901T151210Z,nogit,./...,BenchmarkLiveGRPC_Fetch-10,16:13:30.806363,[Info],server
20260901T151210Z,nogit,./...,BenchmarkUploadHandler-10,288948,6684,26
20260901T151210Z,nogit,./...,BenchmarkUploadHandler-10,272998,6688,26
20260901T151210Z,nogit,./...,BenchmarkUploadHandler-10,280072,6710,26
20260901T151210Z,nogit,./...,BenchmarkUploadHandler-10,285058,6699,26
20260901T151210Z,nogit,./...,BenchmarkUploadHandler-10,285713,6705,26
20260901T151210Z,nogit,./...,BenchmarkUploadHandler-10,287864,6715,26
20260901T151210Z,nogit,./...,BenchmarkDownloadHandler-10,108589,10735,23
20260901T151210Z,nogit,./...,BenchmarkDownloadHandler-10,108537,10754,23
20260901T151210Z,nogit,./...,BenchmarkDownloadHandler-10,108507,10729,23
20260901T151210Z,nogit,./...,BenchmarkDownloadHandler-10,108200,10717,23
20260901T151210Z,nogit,./...,BenchmarkDownloadHandler-10,108401,10724,23
20260901T151210Z,nogit,./...,BenchmarkDownloadHandler-10,108242,10726,23
20260901T151210Z,nogit,./...,BenchmarkCompareHandler-10,259262,126724,58
20260901T151210Z,nogit,./...,BenchmarkCompareHandler-10,258306,126724,58
20260901T151210Z,nogit,./...,BenchmarkCompareHandler-10,256720,126724,58
20260901T151210Z,nogit,./...,BenchmarkCompareHandler-10,266185,126724,58
20260901T151210Z,nogit,./...,BenchmarkCompareHandler-10,297751,126725,58
20260901T151210Z,nogit,./...,BenchmarkCompareHandler-10,269826,126724,58
20260901T151210Z,nogit,./...,BenchmarkFetchHandler-10,358739,44602,33
20260901T151210Z,nogit,./...,BenchmarkFetchHandler-10,289708,44608,33
20260901T151210Z,nogit,./...,BenchmarkFetchHandler-10,282337,44514,33
20260901T151210Z,nogit,./...,BenchmarkFetchHandler-10,315199,44583,33
20260901T151210Z,nogit,./...,BenchmarkFetchHandler-10,278373,44570,33
20260901T151210Z,nogit,./...,BenchmarkFetchHandler-10,296172,44568,33
20260901T151210Z,nogit,./...,BenchmarkFetcher_Fetch-10,111343,6384,76
20260901T151210Z,nogit,./...,BenchmarkFetcher_Fetch-10,109421,6376,76
20260901T151210Z,nogit,./...,BenchmarkFetcher_Fetch-10,111701,6391,76
20260901T151210Z,nogit,./...,BenchmarkFetcher_Fetch-10,113709,6376,76
20260901T151210Z,nogit,./...,BenchmarkFetcher_Fetch-10,112793,6378,76
20260901T151210Z,nogit,./...,BenchmarkFetcher_Fetch-10,110268,6376,76
20260901T151210Z,nogit,./...,BenchmarkFetcher_Fetch-10,264804,15921,106
20260901T151210Z,nogit,./...,BenchmarkFetcher_Fetch-10,263417,15561,106
20260901T151210Z,nogit,./...,BenchmarkFetcher_Fetch-10,267889,15558,106
20260901T151210Z,nogit,./...,BenchmarkFetcher_Fetch-10,268173,15582,105
20260901T151210Z,nogit,./...,BenchmarkFetcher_Fetch-10,268684,15483,105
20260901T151210Z,nogit,./...,BenchmarkFetcher_Fetch-10,275100,15567,105
20260901T151210Z,nogit,./...,BenchmarkDeque_PushPopBottom-10,8.626,0,0
20260901T151210Z,nogit,./...,BenchmarkDeque_PushPopBottom-10,8.597,0,0
20260901T151210Z,nogit,./...,BenchmarkDeque_PushPopBottom-10,8.555,0,0
20260901T151210Z,nogit,./...,BenchmarkDeque_PushPopBottom-10,8.578,0,0
20260901T151210Z,nogit,./...,BenchmarkDeque_PushPopBottom-10,8.560,0,0
20260901T151210Z,nogit,./...,BenchmarkDeque_PushPopBottom-10,8.738,0,0
20260901T151210Z,nogit,./...,BenchmarkDeque_StealContention-10,93.03,6,0
20260901T151210Z,nogit,./...,BenchmarkDeque_StealContention-10,117.2,7,0
20260901T151210Z,nogit,./...,BenchmarkDeque_StealContention-10,118.1,7,0
20260901T151210Z,nogit,./...,BenchmarkDeque_StealContention-10,117.5,7,0
20260901T151210Z,nogit,./...,BenchmarkDeque_StealContention-10,119.5,7,0
20260901T151210Z,nogit,./...,BenchmarkDeque_StealContention-10,119.3,7,0
20260901T151210Z,nogit,./...,BenchmarkInjector_PushPop-10,16.91,0,0
20260901T151210Z,nogit,./...,BenchmarkInjector_PushPop-10,16.95,0,0
20260901T151210Z,nogit,./...,BenchmarkInjector_PushPop-10,17.04,0,0
20260901T151210Z,nogit,./...,BenchmarkInjector_PushPop-10,17.05,0,0
20260901T151210Z,nogit,./...,BenchmarkInjector_PushPop-10,17.04,0,0
20260901T151210Z,nogit,./...,BenchmarkInjector_PushPop-10,17.06,0,0
20260901T151210Z,nogit,./...,BenchmarkSubmit_Trivial-10,3137,184,4
20260901T151210Z,nogit,./...,BenchmarkSubmit_Trivial-10,3079,184,4
20260901T151210Z,nogit,./...,BenchmarkSubmit_Trivial-10,3099,184,4
20260901T151210Z,nogit,./...,BenchmarkSubmit_Trivial-10,3092,184,4
20260901T151210Z,nogit,./...,BenchmarkSubmit_Trivial-10,3117,184,4
20260901T151210Z,nogit,./...,BenchmarkSubmit_Trivial-10,3107,184,4
20260901T151210Z,nogit,./...,BenchmarkSubmit_ParallelExternal-10,1627,184,4
20260901T151210Z,nogit,./...,BenchmarkSubmit_ParallelExternal-10,1618,184,4
20260901T151210Z,nogit,./...,BenchmarkSubmit_ParallelExternal-10,1596,184,4
20260901T151210Z,nogit,./...,BenchmarkSubmit_ParallelExternal-10,1609,184,4
20260901T151210Z,nogit,./...,BenchmarkSubmit_ParallelExternal-10,1611,184,4
20260901T151210Z,nogit,./...,BenchmarkSubmit_ParallelExternal-10,1604,184,4
20260901T151210Z,nogit,./...,BenchmarkSubmit_NestedFanout-10,57183,11983,261
20260901T151210Z,nogit,./...,BenchmarkSubmit_NestedFanout-10,56813,11982,261
20260901T151210Z,nogit,./...,BenchmarkSubmit_NestedFanout-10,57160,11983,261
20260901T151210Z,nogit,./...,BenchmarkSubmit_NestedFanout-10,56787,11983,261
20260901T151210Z,nogit,./...,BenchmarkSubmit_NestedFanout-10,56310,11981,261
20260901T151210Z,nogit,./...,BenchmarkSubmit_NestedFanout-10,56745,11982,261
20260901T151210Z,nogit,./...,BenchmarkFS_SaveFile-10,292131,472,6
20260901T151210Z,nogit,./...,BenchmarkFS_SaveFile-10,289025,482,6
20260901T151210Z,nogit,./...,BenchmarkFS_SaveFile-10,304845,464,6
20260901T151210Z,nogit,./...,BenchmarkFS_SaveFile-10,276849,464,6
20260901T151210Z,nogit,./...,BenchmarkFS_SaveFile-10,279282,456,6
20260901T151210Z,nogit,./...,BenchmarkFS_SaveFile-10,266228,456,6
20260901T151210Z,nogit,./...,BenchmarkFS_GetSavedFile-10,104286,363,4
20260901T151210Z,nogit,./...,BenchmarkFS_GetSavedFile-10,104344,361,4
20260901T151210Z,nogit,./...,BenchmarkFS_GetSavedFile-10,104655,363,4
20260901T151210Z,nogit,./...,BenchmarkFS_GetSavedFile-10,104934,362,4
20260901T151210Z,nogit,./...,BenchmarkFS_GetSavedFile-10,105272,363,4
20260901T151210Z,nogit,./...,BenchmarkFS_GetSavedFile-10,104674,363,4
20260901T151210Z,nogit,./...,BenchmarkFS_CompareFiles-10,254649,107728,35
20260901T151210Z,nogit,./...,BenchmarkFS_CompareFiles-10,258327,107728,35
20260901T151210Z,nogit,./...,BenchmarkFS_CompareFiles-10,255495,107728,35
20260901T151210Z,nogit,./...,BenchmarkFS_CompareFiles-10,256350,107728,35
20260901T151210Z,nogit,./...,BenchmarkFS_CompareFiles-10,253657,107728,35
20260901T151210Z,nogit,./...,BenchmarkFS_CompareFiles-10,253698,107728,35
20260901T151210Z,nogit,./...,BenchmarkDiffLinesLCS-10,842780,1040389,2
20260901T151210Z,nogit,./...,BenchmarkDiffLinesLCS-10,838286,1040385,2
20260901T151210Z,nogit,./...,BenchmarkDiffLinesLCS-10,837856,1040389,2
20260901T151210Z,nogit,./...,BenchmarkDiffLinesLCS-10,840045,1040385,2
20260901T151210Z,nogit,./...,BenchmarkDiffLinesLCS-10,839959,1040385,2
20260901T151210Z,nogit,./...,BenchmarkDiffLinesLCS-10,837898,1040385,2
20260901T151210Z,nogit,./...,BenchmarkDiffLines-10,7403,54016,6
20260901T151210Z,nogit,./...,BenchmarkDiffLines-10,7482,54016,6
20260901T151210Z,nogit,./...,BenchmarkDiffLines-10,7459,54016,6
20260901T151210Z,nogit,./...,BenchmarkDiffLines-10,7444,54016,6
20260901T151210Z,nogit,./...,BenchmarkDiffLines-10,7441,54016,6
20260901T151210Z,nogit,./...,BenchmarkDiffLines-10,7501,54016,6
20260901T151210Z,nogit,./...,BenchmarkDiffLinesMyers-10,12501,100096,6
20260901T151210Z,nogit,./...,BenchmarkDiffLinesMyers-10,12294,100096,6
20260901T151210Z,nogit,./...,BenchmarkDiffLinesMyers-10,12508,100096,6
20260901T151210Z,nogit,./...,BenchmarkDiffLinesMyers-10,12408,100096,6
20260901T151210Z,nogit,./...,BenchmarkDiffLinesMyers-10,12366,100096,6
20260901T151210Z,nogit,./...,BenchmarkDiffLinesMyers-10,12259,100096,6
20260901T151210Z,nogit,./...,BenchmarkDiffLinesMyers_LargeSimilar-10,109881,984832,6
20260901T151210Z,nogit,./...,BenchmarkDiffLinesMyers_LargeSimilar-10,109982,984832,6
20260901T151210Z,nogit,./...,BenchmarkDiffLinesMyers_LargeSimilar-10,108954,984832,6
20260901T151210Z,nogit,./...,BenchmarkDiffLinesMyers_LargeSimilar-10,113729,984832,6
20260901T151210Z,nogit,./...,BenchmarkDiffLinesMyers_LargeSimilar-10,114416,984832,6
20260901T151210Z,nogit,./...,BenchmarkDiffLinesMyers_LargeSimilar-10,140711,984836,6
20260901T151210Z,nogit,./...,BenchmarkDiffLinesLCS_LargeSimilar-10,82623551,100368384,2
20260901T151210Z,nogit,./...,BenchmarkDiffLinesLCS_LargeSimilar-10,82381726,100368384,2
20260901T151210Z,nogit,./...,BenchmarkDiffLinesLCS_LargeSimilar-10,82381280,100368384,2
20260901T151210Z,nogit,./...,BenchmarkDiffLinesLCS_LargeSimilar-10,82433068,100368384,2
20260901T151210Z,nogit,./...,BenchmarkDiffLinesLCS_LargeSimilar-10,80509812,100368384,2
20260901T151210Z,nogit,./...,BenchmarkDiffLinesLCS_LargeSimilar-10,78509667,100368384,2
20260901T151210Z,nogit,./...,BenchmarkDiffLines_LargeSimilar-10,64973,354048,6
20260901T151210Z,nogit,./...,BenchmarkDiffLines_LargeSimilar-10,65492,354048,6
20260901T151210Z,nogit,./...,BenchmarkDiffLines_LargeSimilar-10,64990,354048,6
20260901T151210Z,nogit,./...,BenchmarkDiffLines_LargeSimilar-10,65980,354048,6
20260901T151210Z,nogit,./...,BenchmarkDiffLines_LargeSimilar-10,63825,354048,6
20260901T151210Z,nogit,./...,BenchmarkDiffLines_LargeSimilar-10,65091,354048,6
20260901T151210Z,nogit,./...,BenchmarkDiffLines_LargeDissimilar-10,44731430,102593024,364
20260901T151210Z,nogit,./...,BenchmarkDiffLines_LargeDissimilar-10,44723189,102593024,364
20260901T151210Z,nogit,./...,BenchmarkDiffLines_LargeDissimilar-10,44889726,102593024,364
20260901T151210Z,nogit,./...,BenchmarkDiffLines_LargeDissimilar-10,44879955,102593024,364
20260901T151210Z,nogit,./...,BenchmarkDiffLines_LargeDissimilar-10,44906772,102593024,364
20260901T151210Z,nogit,./...,BenchmarkDiffLines_LargeDissimilar-10,44707396,102593024,364
20260901T151210Z,nogit,./...,BenchmarkDiffLinesMyers_ExtraLargeSimilar-10,39531244,433661696,6
20260901T151210Z,nogit,./...,BenchmarkDiffLinesMyers_ExtraLargeSimilar-10,33340391,433661696,6
20260901T151210Z,nogit,./...,BenchmarkDiffLinesMyers_ExtraLargeSimilar-10,32191490,433661843,6
20260901T151210Z,nogit,./...,BenchmarkDiffLinesMyers_ExtraLargeSimilar-10,33636673,433661696,6
20260901T151210Z,nogit,./...,BenchmarkDiffLinesMyers_ExtraLargeSimilar-10,32762005,433661696,6
20260901T151210Z,nogit,./...,BenchmarkDiffLinesMyers_ExtraLargeSimilar-10,32910825,433661696,6
20260901T151210Z,nogit,./...,BenchmarkDiffLines_ExtraLargeSimilar-10,19625820,144713472,6
20260901T151210Z,nogit,./...,BenchmarkDiffLines_ExtraLargeSimilar-10,19916869,144713472,6
20260901T151210Z,nogit,./...,BenchmarkDiffLines_ExtraLargeSimilar-10,20193379,144713472,6
20260901T151210Z,nogit,./...,BenchmarkDiffLines_ExtraLargeSimilar-10,20532914,144713472,6
20260901T151210Z,nogit,./...,BenchmarkDiffLines_ExtraLargeSimilar-10,20078644,144713472,6
20260901T151210Z,nogit,./...,BenchmarkDiffLines_ExtraLargeSimilar-10,19892858,144713472,6
20260901T151210Z,nogit,./...,BenchmarkDiffLines_ExtraLargeDissimilar_BailoutOnly-10,13263134,97810176,2391
20260901T151210Z,nogit,./...,BenchmarkDiffLines_ExtraLargeDissimilar_BailoutOnly-10,13750013,97810176,2391
20260901T151210Z,nogit,./...,BenchmarkDiffLines_ExtraLargeDissimilar_BailoutOnly-10,13383060,97810176,2391
20260901T151210Z,nogit,./...,BenchmarkDiffLines_ExtraLargeDissimilar_BailoutOnly-10,13245112,97810176,2391
20260901T151210Z,nogit,./...,BenchmarkDiffLines_ExtraLargeDissimilar_BailoutOnly-10,13429247,97810176,2391
20260901T151210Z,nogit,./...,BenchmarkDiffLines_ExtraLargeDissimilar_BailoutOnly-10,13002928,97810176,2391
20260901T151210Z,nogit,./...,BenchmarkDiffLines_ExtraLargeDissimilar-10,1725655750,2152792576,479
20260901T151210Z,nogit,./...,BenchmarkDiffLines_ExtraLargeDissimilar-10,1003567208,2152792576,479
20260901T151210Z,nogit,./...,BenchmarkDiffLines_ExtraLargeDissimilar-10,1001482834,2152792576,479
20260901T151210Z,nogit,./...,BenchmarkDiffLines_ExtraLargeDissimilar-10,1002878125,2152792688,480
20260901T151210Z,nogit,./...,BenchmarkDiffLines_ExtraLargeDissimilar-10,1002235958,2152792576,479
20260901T151210Z,nogit,./...,BenchmarkDiffLines_ExtraLargeDissimilar-10,1003466417,2152792576,479
20260901T151210Z,nogit,./...,BenchmarkNewUUID-10,418.4,48,1
20260901T151210Z,nogit,./...,BenchmarkNewUUID-10,418.7,48,1
20260901T151210Z,nogit,./...,BenchmarkNewUUID-10,417.3,48,1
20260901T151210Z,nogit,./...,BenchmarkNewUUID-10,417.6,48,1
20260901T151210Z,nogit,./...,BenchmarkNewUUID-10,417.8,48,1
20260901T151210Z,nogit,./...,BenchmarkNewUUID-10,417.4,48,1
20260901T153255Z,nogit,./...,BenchmarkChunkReader_Read-10,26468,39616.46,832
20260901T153255Z,nogit,./...,BenchmarkChunkReader_Read-10,24736,42390.84,832
20260901T153255Z,nogit,./...,BenchmarkChunkReader_Read-10,26061,40234.76,832
20260901T153255Z,nogit,./...,BenchmarkChunkReader_Read-10,25636,40902.64,832
20260901T153255Z,nogit,./...,BenchmarkChunkReader_Read-10,24507,42786.56,832
20260901T153255Z,nogit,./...,BenchmarkChunkReader_Read-10,25505,41113.18,832
20260901T153255Z,nogit,./...,BenchmarkChunkWriter_Write-10,48.37,21678663.93,88
20260901T153255Z,nogit,./...,BenchmarkChunkWriter_Write-10,48.41,21661462.99,88
20260901T153255Z,nogit,./...,BenchmarkChunkWriter_Write-10,48.42,21654170.64,88
20260901T153255Z,nogit,./...,BenchmarkChunkWriter_Write-10,48.11,21796564.08,88
20260901T153255Z,nogit,./...,BenchmarkChunkWriter_Write-10,48.33,21696010.40,88
20260901T153255Z,nogit,./...,BenchmarkChunkWriter_Write-10,48.24,21737270.06,88
20260901T153255Z,nogit,./...,BenchmarkHandler_Upload_InProcess-10,520016,33640,11
20260901T153255Z,nogit,./...,BenchmarkHandler_Upload_InProcess-10,418747,33617,11
20260901T153255Z,nogit,./...,BenchmarkHandler_Upload_InProcess-10,424563,33659,11
20260901T153255Z,nogit,./...,BenchmarkHandler_Upload_InProcess-10,443859,33694,11
20260901T153255Z,nogit,./...,BenchmarkHandler_Upload_InProcess-10,474585,33667,11
20260901T153255Z,nogit,./...,BenchmarkHandler_Upload_InProcess-10,466390,33709,11
20260901T153255Z,nogit,./...,BenchmarkHandler_Download_InProcess-10,111424,33421,8
20260901T153255Z,nogit,./...,BenchmarkHandler_Download_InProcess-10,111604,33419,8
20260901T153255Z,nogit,./...,BenchmarkHandler_Download_InProcess-10,111614,33416,8
20260901T153255Z,nogit,./...,BenchmarkHandler_Download_InProcess-10,112351,33426,8
20260901T153255Z,nogit,./...,BenchmarkHandler_Download_InProcess-10,111560,33407,8
20260901T153255Z,nogit,./...,BenchmarkHandler_Download_InProcess-10,111988,33386,8
20260901T153255Z,nogit,./...,BenchmarkHandler_Fetch_InProcess-10,277707,33619,11
20260901T153255Z,nogit,./...,BenchmarkHandler_Fetch_InProcess-10,277523,33688,11
20260901T153255Z,nogit,./...,BenchmarkHandler_Fetch_InProcess-10,274335,33674,11
20260901T153255Z,nogit,./...,BenchmarkHandler_Fetch_InProcess-10,280172,33669,11
20260901T153255Z,nogit,./...,BenchmarkHandler_Fetch_InProcess-10,294472,33650,11
20260901T153255Z,nogit,./...,BenchmarkHandler_Fetch_InProcess-10,282277,33719,11
20260901T153255Z,nogit,./...,BenchmarkLiveGRPC_Upload-10,424734,58552,176
20260901T153255Z,nogit,./...,BenchmarkLiveGRPC_Upload-10,430863,57576,175
20260901T153255Z,nogit,./...,BenchmarkLiveGRPC_Upload-10,434047,58468,175
20260901T153255Z,nogit,./...,BenchmarkLiveGRPC_Upload-10,434962,58099,175
20260901T153255Z,nogit,./...,BenchmarkLiveGRPC_Upload-10,433431,58059,175
20260901T153255Z,nogit,./...,BenchmarkLiveGRPC_Upload-10,432447,58125,175
20260901T153255Z,nogit,./...,BenchmarkLiveGRPC_Download-10,262581,62171,174
20260901T153255Z,nogit,./...,BenchmarkLiveGRPC_Download-10,327453,62418,175
20260901T153255Z,nogit,./...,BenchmarkLiveGRPC_Download-10,431949,62508,175
20260901T153255Z,nogit,./...,BenchmarkLiveGRPC_Download-10,415902,62434,175
20260901T153255Z,nogit,./...,BenchmarkLiveGRPC_Download-10,428996,62848,175
20260901T153255Z,nogit,./...,BenchmarkLiveGRPC_Download-10,420769,62418,175
20260901T153255Z,nogit,./...,BenchmarkLiveGRPC_Compare-10,644358,136467,185
20260901T153255Z,nogit,./...,BenchmarkLiveGRPC_Compare-10,669902,136630,185
20260901T153255Z,nogit,./...,BenchmarkLiveGRPC_Compare-10,660584,136410,185
20260901T153255Z,nogit,./...,BenchmarkLiveGRPC_Compare-10,668366,136161,185
20260901T153255Z,nogit,./...,BenchmarkLiveGRPC_Compare-10,669275,136469,185
20260901T153255Z,nogit,./...,BenchmarkLiveGRPC_Compare-10,658874,136308,185
20260901T153255Z,nogit,./...,BenchmarkLiveGRPC_Fetch-10,821436,71851,264
20260901T153255Z,nogit,./...,BenchmarkLiveGRPC_Fetch-10,776621,71964,264
20260901T153255Z,nogit,./...,BenchmarkLiveGRPC_Fetch-10,768511,71757,264
20260901T153255Z,nogit,./...,BenchmarkLiveGRPC_Fetch-10,772852,72402,264
20260901T153255Z,nogit,./...,BenchmarkLiveGRPC_Fetch-10,767696,71891,264
20260901T153255Z,nogit,./...,BenchmarkLiveGRPC_Fetch-10,778657,72509,265
20260901T153255Z,nogit,./...,BenchmarkUploadHandler-10,282223,6704,26
20260901T153255Z,nogit,./...,BenchmarkUploadHandler-10,282371,6704,26
20260901T153255Z,nogit,./...,BenchmarkUploadHandler-10,284225,6685,26
20260901T153255Z,nogit,./...,BenchmarkUploadHandler-10,275168,6690,26
20260901T153255Z,nogit,./...,BenchmarkUploadHandler-10,255484,6686,26
20260901T153255Z,nogit,./...,BenchmarkUploadHandler-10,285947,6712,26
20260901T153255Z,nogit,./...,BenchmarkDownloadHandler-10,109034,10733,23
20260901T153255Z,nogit,./...,BenchmarkDownloadHandler-10,110436,10755,23
20260901T153255Z,nogit,./...,BenchmarkDownloadHandler-10,108308,10739,23
20260901T153255Z,nogit,./...,BenchmarkDownloadHandler-10,110004,10724,23
20260901T153255Z,nogit,./...,BenchmarkDownloadHandler-10,109752,10727,23
20260901T153255Z,nogit,./...,BenchmarkDownloadHandler-10,109238,10710,23
20260901T153255Z,nogit,./...,BenchmarkCompareHandler-10,257945,126724,58
20260901T153255Z,nogit,./...,BenchmarkCompareHandler-10,257550,126724,58
20260901T153255Z,nogit,./...,BenchmarkCompareHandler-10,260224,126724,58
20260901T153255Z,nogit,./...,BenchmarkCompareHandler-10,261422,126724,58
20260901T153255Z,nogit,./...,BenchmarkCompareHandler-10,260285,126725,58
20260901T153255Z,nogit,./...,BenchmarkCompareHandler-10,270405,126724,58
20260901T153255Z,nogit,./...,BenchmarkFetchHandler-10,285695,44640,33
20260901T153255Z,nogit,./...,BenchmarkFetchHandler-10,280957,44594,33
20260901T153255Z,nogit,./...,BenchmarkFetchHandler-10,286448,44588,33
20260901T153255Z,nogit,./...,BenchmarkFetchHandler-10,282448,44621,33
20260901T153255Z,nogit,./...,BenchmarkFetchHandler-10,271982,44647,33
20260901T153255Z,nogit,./...,BenchmarkFetchHandler-10,282556,44567,33
20260901T153255Z,nogit,./...,BenchmarkFetcher_Fetch-10,106677,6387,76
20260901T153255Z,nogit,./...,BenchmarkFetcher_Fetch-10,104218,6371,76
20260901T153255Z,nogit,./...,BenchmarkFetcher_Fetch-10,105229,6381,76
20260901T153255Z,nogit,./...,BenchmarkFetcher_Fetch-10,104906,6375,76
20260901T153255Z,nogit,./...,BenchmarkFetcher_Fetch-10,105033,6377,76
20260901T153255Z,nogit,./...,BenchmarkFetcher_Fetch-10,105994,6378,76
20260901T153255Z,nogit,./...,BenchmarkFetcher_Fetch-10,265166,16043,106
20260901T153255Z,nogit,./...,BenchmarkFetcher_Fetch-10,263848,15618,106
20260901T153255Z,nogit,./...,BenchmarkFetcher_Fetch-10,266623,15569,106
20260901T153255Z,nogit,./...,BenchmarkFetcher_Fetch-10,267603,15581,106
20260901T153255Z,nogit,./...,BenchmarkFetcher_Fetch-10,269200,15583,106
20260901T153255Z,nogit,./...,BenchmarkFetcher_Fetch-10,268313,15544,106
20260901T153255Z,nogit,./...,BenchmarkDeque_PushPopBottom-10,8.880,0,0
20260901T153255Z,nogit,./...,BenchmarkDeque_PushPopBottom-10,8.824,0,0
20260901T153255Z,nogit,./...,BenchmarkDeque_PushPopBottom-10,8.869,0,0
20260901T153255Z,nogit,./...,BenchmarkDeque_PushPopBottom-10,8.863,0,0
20260901T153255Z,nogit,./...,BenchmarkDeque_PushPopBottom-10,8.836,0,0
20260901T153255Z,nogit,./...,BenchmarkDeque_PushPopBottom-10,8.783,0,0
20260901T153255Z,nogit,./...,BenchmarkDeque_StealContention-10,120.3,7,0
20260901T153255Z,nogit,./...,BenchmarkDeque_StealContention-10,119.8,7,0
20260901T153255Z,nogit,./...,BenchmarkDeque_StealContention-10,119.1,7,0
20260901T153255Z,nogit,./...,BenchmarkDeque_StealContention-10,119.3,7,0
20260901T153255Z,nogit,./...,BenchmarkDeque_StealContention-10,117.3,7,0
20260901T153255Z,nogit,./...,BenchmarkDeque_StealContention-10,117.7,7,0
20260901T153255Z,nogit,./...,BenchmarkInjector_PushPop-10,17.08,0,0
20260901T153255Z,nogit,./...,BenchmarkInjector_PushPop-10,17.04,0,0
20260901T153255Z,nogit,./...,BenchmarkInjector_PushPop-10,17.00,0,0
20260901T153255Z,nogit,./...,BenchmarkInjector_PushPop-10,17.01,0,0
20260901T153255Z,nogit,./...,BenchmarkInjector_PushPop-10,17.03,0,0
20260901T153255Z,nogit,./...,BenchmarkInjector_PushPop-10,17.03,0,0
20260901T153255Z,nogit,./...,BenchmarkSubmit_Trivial-10,3119,185,4
20260901T153255Z,nogit,./...,BenchmarkSubmit_Trivial-10,3080,184,4
20260901T153255Z,nogit,./...,BenchmarkSubmit_Trivial-10,3084,184,4
20260901T153255Z,nogit,./...,BenchmarkSubmit_Trivial-10,3088,184,4
20260901T153255Z,nogit,./...,BenchmarkSubmit_Trivial-10,3095,184,4
20260901T153255Z,nogit,./...,BenchmarkSubmit_Trivial-10,3095,184,4
20260901T153255Z,nogit,./...,BenchmarkSubmit_ParallelExternal-10,1630,184,4
20260901T153255Z,nogit,./...,BenchmarkSubmit_ParallelExternal-10,1624,184,4
20260901T153255Z,nogit,./...,BenchmarkSubmit_ParallelExternal-10,1578,184,4
20260901T153255Z,nogit,./...,BenchmarkSubmit_ParallelExternal-10,1590,184,4
20260901T153255Z,nogit,./...,BenchmarkSubmit_ParallelExternal-10,1558,184,4
20260901T153255Z,nogit,./...,BenchmarkSubmit_ParallelExternal-10,1587,184,4
20260901T153255Z,nogit,./...,BenchmarkSubmit_NestedFanout-10,54992,11982,261
20260901T153255Z,nogit,./...,BenchmarkSubmit_NestedFanout-10,56364,11982,261
20260901T153255Z,nogit,./...,BenchmarkSubmit_NestedFanout-10,55838,11981,261
20260901T153255Z,nogit,./...,BenchmarkSubmit_NestedFanout-10,57048,11982,261
20260901T153255Z,nogit,./...,BenchmarkSubmit_NestedFanout-10,55071,11982,261
20260901T153255Z,nogit,./...,BenchmarkSubmit_NestedFanout-10,56366,11981,261
20260901T153255Z,nogit,./...,BenchmarkFS_SaveFile-10,267979,464,6
20260901T153255Z,nogit,./...,BenchmarkFS_SaveFile-10,269171,472,6
20260901T153255Z,nogit,./...,BenchmarkFS_SaveFile-10,272880,464,6
20260901T153255Z,nogit,./...,BenchmarkFS_SaveFile-10,273078,473,6
20260901T153255Z,nogit,./...,BenchmarkFS_SaveFile-10,279895,473,6
20260901T153255Z,nogit,./...,BenchmarkFS_SaveFile-10,279539,465,6
20260901T153255Z,nogit,./...,BenchmarkFS_GetSavedFile-10,104730,363,4
20260901T153255Z,nogit,./...,BenchmarkFS_GetSavedFile-10,105117,363,4
20260901T153255Z,nogit,./...,BenchmarkFS_GetSavedFile-10,105866,362,4
20260901T153255Z,nogit,./...,BenchmarkFS_GetSavedFile-10,105630,362,4
20260901T153255Z,nogit,./...,BenchmarkFS_GetSavedFile-10,106300,363,4
20260901T153255Z,nogit,./...,BenchmarkFS_GetSavedFile-10,104810,362,4
20260901T153255Z,nogit,./...,BenchmarkFS_CompareFiles-10,254749,107728,35
20260901T153255Z,nogit,./...,BenchmarkFS_CompareFiles-10,252517,107728,35
20260901T153255Z,nogit,./...,BenchmarkFS_CompareFiles-10,254093,107728,35
20260901T153255Z,nogit,./...,BenchmarkFS_CompareFiles-10,254681,107728,35
20260901T153255Z,nogit,./...,BenchmarkFS_CompareFiles-10,254006,107728,35
20260901T153255Z,nogit,./...,BenchmarkFS_CompareFiles-10,253321,107728,35
20260901T153255Z,nogit,./...,BenchmarkDiffLinesLCS-10,814131,1040389,2
20260901T153255Z,nogit,./...,BenchmarkDiffLinesLCS-10,805965,1040385,2
20260901T153255Z,nogit,./...,BenchmarkDiffLinesLCS-10,807498,1040385,2
20260901T153255Z,nogit,./...,BenchmarkDiffLinesLCS-10,806424,1040385,2
20260901T153255Z,nogit,./...,BenchmarkDiffLinesLCS-10,807767,1040386,2
20260901T153255Z,nogit,./...,BenchmarkDiffLinesLCS-10,808270,1040385,2
20260901T153255Z,nogit,./...,BenchmarkDiffLines-10,7440,54016,6
20260901T153255Z,nogit,./...,BenchmarkDiffLines-10,7424,54016,6
20260901T153255Z,nogit,./...,BenchmarkDiffLines-10,7434,54016,6
20260901T153255Z,nogit,./...,BenchmarkDiffLines-10,7503,54016,6
20260901T153255Z,nogit,./...,BenchmarkDiffLines-10,7477,54016,6
20260901T153255Z,nogit,./...,BenchmarkDiffLines-10,7437,54016,6
20260901T153255Z,nogit,./...,BenchmarkDiffLinesMyers-10,12358,100096,6
20260901T153255Z,nogit,./...,BenchmarkDiffLinesMyers-10,12426,100096,6
20260901T153255Z,nogit,./...,BenchmarkDiffLinesMyers-10,12302,100096,6
20260901T153255Z,nogit,./...,BenchmarkDiffLinesMyers-10,12014,100096,6
20260901T153255Z,nogit,./...,BenchmarkDiffLinesMyers-10,12320,100096,6
20260901T153255Z,nogit,./...,BenchmarkDiffLinesMyers-10,12298,100096,6
20260901T153255Z,nogit,./...,BenchmarkDiffLinesMyers_LargeSimilar-10,112345,984832,6
20260901T153255Z,nogit,./...,BenchmarkDiffLinesMyers_LargeSimilar-10,127647,984834,6
20260901T153255Z,nogit,./...,BenchmarkDiffLinesMyers_LargeSimilar-10,113955,984832,6
20260901T153255Z,nogit,./...,BenchmarkDiffLinesMyers_LargeSimilar-10,110155,984832,6
20260901T153255Z,nogit,./...,BenchmarkDiffLinesMyers_LargeSimilar-10,110893,984832,6
20260901T153255Z,nogit,./...,BenchmarkDiffLinesMyers_LargeSimilar-10,142207,984835,6
20260901T153255Z,nogit,./...,BenchmarkDiffLinesLCS_LargeSimilar-10,79740375,100368384,2
20260901T153255Z,nogit,./...,BenchmarkDiffLinesLCS_LargeSimilar-10,80184036,100368384,2
20260901T153255Z,nogit,./...,BenchmarkDiffLinesLCS_LargeSimilar-10,77938801,100368384,2
20260901T153255Z,nogit,./...,BenchmarkDiffLinesLCS_LargeSimilar-10,78051530,100368384,2
20260901T153255Z,nogit,./...,BenchmarkDiffLinesLCS_LargeSimilar-10,76953056,100368384,2
20260901T153255Z,nogit,./...,BenchmarkDiffLinesLCS_LargeSimilar-10,77434229,100368384,2
20260901T153255Z,nogit,./...,BenchmarkDiffLines_LargeSimilar-10,65648,354048,6
20260901T153255Z,nogit,./...,BenchmarkDiffLines_LargeSimilar-10,66023,354048,6
20260901T153255Z,nogit,./...,BenchmarkDiffLines_LargeSimilar-10,65334,354048,6
20260901T153255Z,nogit,./...,BenchmarkDiffLines_LargeSimilar-10,65948,354048,6
20260901T153255Z,nogit,./...,BenchmarkDiffLines_LargeSimilar-10,67036,354048,6
20260901T153255Z,nogit,./...,BenchmarkDiffLines_LargeSimilar-10,65446,354048,6
20260901T153255Z,nogit,./...,BenchmarkDiffLines_LargeDissimilar-10,44483103,102593024,364
20260901T153255Z,nogit,./...,BenchmarkDiffLines_LargeDissimilar-10,44896505,102593024,364
20260901T153255Z,nogit,./...,BenchmarkDiffLines_LargeDissimilar-10,44798325,102593024,364
20260901T153255Z,nogit,./...,BenchmarkDiffLines_LargeDissimilar-10,44496994,102593024,364
20260901T153255Z,nogit,./...,BenchmarkDiffLines_LargeDissimilar-10,44768444,102593024,364
20260901T153255Z,nogit,./...,BenchmarkDiffLines_LargeDissimilar-10,44622537,102593024,364
20260901T153255Z,nogit,./...,BenchmarkDiffLinesMyers_ExtraLargeSimilar-10,40546689,433661696,6
20260901T153255Z,nogit,./...,BenchmarkDiffLinesMyers_ExtraLargeSimilar-10,32299499,433661843,6
20260901T153255Z,nogit,./...,BenchmarkDiffLinesMyers_ExtraLargeSimilar-10,32576094,433661696,6
20260901T153255Z,nogit,./...,BenchmarkDiffLinesMyers_ExtraLargeSimilar-10,32102197,433661696,6
20260901T153255Z,nogit,./...,BenchmarkDiffLinesMyers_ExtraLargeSimilar-10,32181444,433661696,6
20260901T153255Z,nogit,./...,BenchmarkDiffLinesMyers_ExtraLargeSimilar-10,32195630,433661696,6
20260901T153255Z,nogit,./...,BenchmarkDiffLines_ExtraLargeSimilar-10,19198064,144713472,6
20260901T153255Z,nogit,./...,BenchmarkDiffLines_ExtraLargeSimilar-10,19762406,144713472,6
20260901T153255Z,nogit,./...,BenchmarkDiffLines_ExtraLargeSimilar-10,20274523,144713472,6
20260901T153255Z,nogit,./...,BenchmarkDiffLines_ExtraLargeSimilar-10,20005918,144713474,6
20260901T153255Z,nogit,./...,BenchmarkDiffLines_ExtraLargeSimilar-10,19553262,144713472,6
20260901T153255Z,nogit,./...,BenchmarkDiffLines_ExtraLargeSimilar-10,19813585,144713472,6
20260901T153255Z,nogit,./...,BenchmarkDiffLines_ExtraLargeDissimilar_BailoutOnly-10,13737991,97810176,2391
20260901T153255Z,nogit,./...,BenchmarkDiffLines_ExtraLargeDissimilar_BailoutOnly-10,13229831,97810176,2391
20260901T153255Z,nogit,./...,BenchmarkDiffLines_ExtraLargeDissimilar_BailoutOnly-10,13320842,97810176,2391
20260901T153255Z,nogit,./...,BenchmarkDiffLines_ExtraLargeDissimilar_BailoutOnly-10,13435256,97810176,2391
20260901T153255Z,nogit,./...,BenchmarkDiffLines_ExtraLargeDissimilar_BailoutOnly-10,13256252,97810176,2391
20260901T153255Z,nogit,./...,BenchmarkDiffLines_ExtraLargeDissimilar_BailoutOnly-10,13489763,97810177,2391
20260901T153255Z,nogit,./...,BenchmarkDiffLines_ExtraLargeDissimilar-10,1786539625,2152792576,479
20260901T153255Z,nogit,./...,BenchmarkDiffLines_ExtraLargeDissimilar-10,1042848792,2152792576,479
20260901T153255Z,nogit,./...,BenchmarkDiffLines_ExtraLargeDissimilar-10,1001669709,2152792576,479
20260901T153255Z,nogit,./...,BenchmarkDiffLines_ExtraLargeDissimilar-10,1001864750,2152792576,479
20260901T153255Z,nogit,./...,BenchmarkDiffLines_ExtraLargeDissimilar-10,1001610000,2152792576,479
20260901T153255Z,nogit,./...,BenchmarkDiffLines_ExtraLargeDissimilar-10,1001932541,2152792576,479
20260901T153255Z,nogit,./...,BenchmarkNewUUID-10,413.0,48,1
20260901T153255Z,nogit,./...,BenchmarkNewUUID-10,412.4,48,1
20260901T153255Z,nogit,./...,BenchmarkNewUUID-10,412.9,48,1
20260901T153255Z,nogit,./...,BenchmarkNewUUID-10,411.6,48,1
20260901T153255Z,nogit,./...,BenchmarkNewUUID-10,412.6,48,1
20260901T153255Z,nogit,./...,BenchmarkNewUUID-10,411.8,48,1
20260902T145700Z,nogit,./...,BenchmarkChunkReader_Read-10,25967,40381.26,832
20260902T145700Z,nogit,./...,BenchmarkChunkReader_Read-10,26837,39071.81,832
20260902T145700Z,nogit,./...,BenchmarkChunkReader_Read-10,25957,40397.34,832
20260902T145700Z,nogit,./...,BenchmarkChunkReader_Read-10,35862,29239.44,832
20260902T145700Z,nogit,./...,BenchmarkChunkReader_Read-10,26712,39255.31,832
20260902T145700Z,nogit,./...,BenchmarkChunkReader_Read-10,42315,24780.10,832
20260902T145700Z,nogit,./...,BenchmarkChunkWriter_Write-10,65.01,16128719.85,88
20260902T145700Z,nogit,./...,BenchmarkChunkWriter_Write-10,74.58,14059672.21,88
20260902T145700Z,nogit,./...,BenchmarkChunkWriter_Write-10,60.37,17368012.55,88
20260902T145700Z,nogit,./...,BenchmarkChunkWriter_Write-10,81.60,12850957.96,88
20260902T145700Z,nogit,./...,BenchmarkChunkWriter_Write-10,71.84,14596648.55,88
20260902T145700Z,nogit,./...,BenchmarkChunkWriter_Write-10,57.78,18147925.38,88
20260902T145700Z,nogit,./...,BenchmarkHandler_Upload_InProcess-10,616164,33675,11
20260902T145700Z,nogit,./...,BenchmarkHandler_Upload_InProcess-10,690204,33619,11
20260902T145700Z,nogit,./...,BenchmarkHandler_Upload_InProcess-10,583030,33632,11
20260902T145700Z,nogit,./...,BenchmarkHandler_Upload_InProcess-10,546759,33672,11
20260902T145700Z,nogit,./...,BenchmarkHandler_Upload_InProcess-10,575397,33703,11
20260902T145700Z,nogit,./...,BenchmarkHandler_Upload_InProcess-10,559226,33632,11
20260902T145700Z,nogit,./...,BenchmarkHandler_Download_InProcess-10,124590,33421,8
20260902T145700Z,nogit,./...,BenchmarkHandler_Download_InProcess-10,143900,33443,8
20260902T145700Z,nogit,./...,BenchmarkHandler_Download_InProcess-10,119967,33405,8
20260902T145700Z,nogit,./...,BenchmarkHandler_Download_InProcess-10,120058,33430,8
20260902T145700Z,nogit,./...,BenchmarkHandler_Download_InProcess-10,122060,33401,8
20260902T145700Z,nogit,./...,BenchmarkHandler_Download_InProcess-10,120139,33390,8
20260902T145700Z,nogit,./...,BenchmarkHandler_Fetch_InProcess-10,305108,33719,11
20260902T145700Z,nogit,./...,BenchmarkHandler_Fetch_InProcess-10,295896,33680,11
20260902T145700Z,nogit,./...,BenchmarkHandler_Fetch_InProcess-10,311969,33731,11
20260902T145700Z,nogit,./...,BenchmarkHandler_Fetch_InProcess-10,303088,33716,11
20260902T145700Z,nogit,./...,BenchmarkHandler_Fetch_InProcess-10,301462,33730,11
20260902T145700Z,nogit,./...,BenchmarkHandler_Fetch_InProcess-10,297656,33762,11
20260902T145700Z,nogit,./...,BenchmarkLiveGRPC_Upload-10,451991,58470,176
20260902T145700Z,nogit,./...,BenchmarkLiveGRPC_Upload-10,454631,58255,175
20260902T145700Z,nogit,./...,BenchmarkLiveGRPC_Upload-10,449095,57979,175
20260902T145700Z,nogit,./...,BenchmarkLiveGRPC_Upload-10,454800,57994,175
20260902T145700Z,nogit,./...,BenchmarkLiveGRPC_Upload-10,462877,58279,175
20260902T145700Z,nogit,./...,BenchmarkLiveGRPC_Upload-10,463082,58258,175
20260902T145700Z,nogit,./...,BenchmarkLiveGRPC_Download-10,272585,62004,174
20260902T145700Z,nogit,./...,BenchmarkLiveGRPC_Download-10,316708,62179,175
20260902T145700Z,nogit,./...,BenchmarkLiveGRPC_Download-10,317624,62303,175
20260902T145700Z,nogit,./...,BenchmarkLiveGRPC_Download-10,331735,62129,175
20260902T145700Z,nogit,./...,BenchmarkLiveGRPC_Download-10,317991,62395,175
20260902T145700Z,nogit,./...,BenchmarkLiveGRPC_Download-10,303560,61953,174
20260902T145700Z,nogit,./...,BenchmarkLiveGRPC_Compare-10,617584,136021,185
20260902T145700Z,nogit,./...,BenchmarkLiveGRPC_Compare-10,627806,136183,185
20260902T145700Z,nogit,./...,BenchmarkLiveGRPC_Compare-10,487025,136065,185
20260902T145700Z,nogit,./...,BenchmarkLiveGRPC_Compare-10,497362,136101,185
20260902T145700Z,nogit,./...,BenchmarkLiveGRPC_Compare-10,521552,136390,185
20260902T145700Z,nogit,./...,BenchmarkLiveGRPC_Compare-10,646542,136003,185
20260902T145700Z,nogit,./...,BenchmarkLiveGRPC_Fetch-10,812432,72540,265
20260902T145700Z,nogit,./...,BenchmarkLiveGRPC_Fetch-10,800843,72213,264
20260902T145700Z,nogit,./...,BenchmarkLiveGRPC_Fetch-10,823209,71702,264
20260902T145700Z,nogit,./...,BenchmarkLiveGRPC_Fetch-10,809315,71574,264
20260902T145700Z,nogit,./...,BenchmarkLiveGRPC_Fetch-10,804482,71944,265
20260902T145700Z,nogit,./...,BenchmarkLiveGRPC_Fetch-10,805639,71447,264
20260902T145700Z,nogit,./...,BenchmarkUploadHandler-10,319128,6694,26
20260902T145700Z,nogit,./...,BenchmarkUploadHandler-10,294773,6691,26
20260902T145700Z,nogit,./...,BenchmarkUploadHandler-10,297201,6701,26
20260902T145700Z,nogit,./...,BenchmarkUploadHandler-10,292967,6704,26
20260902T145700Z,nogit,./...,BenchmarkUploadHandler-10,308624,6709,26
20260902T145700Z,nogit,./...,BenchmarkUploadHandler-10,296902,6685,26
20260902T145700Z,nogit,./...,BenchmarkDownloadHandler-10,115515,10723,23
20260902T145700Z,nogit,./...,BenchmarkDownloadHandler-10,114808,10706,23
20260902T145700Z,nogit,./...,BenchmarkDownloadHandler-10,114356,10728,23
20260902T145700Z,nogit,./...,BenchmarkDownloadHandler-10,114319,10710,23
20260902T145700Z,nogit,./...,BenchmarkDownloadHandler-10,116236,10733,23
20260902T145700Z,nogit,./...,BenchmarkDownloadHandler-10,115020,10719,23
20260902T145700Z,nogit,./...,BenchmarkCompareHandler-10,274215,126724,58
20260902T145700Z,nogit,./...,BenchmarkCompareHandler-10,272234,126725,58
20260902T145700Z,nogit,./...,BenchmarkCompareHandler-10,270304,126724,58
20260902T145700Z,nogit,./...,BenchmarkCompareHandler-10,269285,126724,58
20260902T145700Z,nogit,./...,BenchmarkCompareHandler-10,281688,126724,58
20260902T145700Z,nogit,./...,BenchmarkCompareHandler-10,270576,126724,58
20260902T145700Z,nogit,./...,BenchmarkFetchHandler-10,304468,44566,33
20260902T145700Z,nogit,./...,BenchmarkFetchHandler-10,307894,44629,33
20260902T145700Z,nogit,./...,BenchmarkFetchHandler-10,298592,44576,33
20260902T145700Z,nogit,./...,BenchmarkFetchHandler-10,298520,44682,33
20260902T145700Z,nogit,./...,BenchmarkFetchHandler-10,297773,44599,33
20260902T145700Z,nogit,./...,BenchmarkFetchHandler-10,295854,44601,33
20260902T145700Z,nogit,./...,BenchmarkFetcher_Fetch-10,133170,6392,76
20260902T145700Z,nogit,./...,BenchmarkFetcher_Fetch-10,126076,6381,76
20260902T145700Z,nogit,./...,BenchmarkFetcher_Fetch-10,127449,6368,76
20260902T145700Z,nogit,./...,BenchmarkFetcher_Fetch-10,120132,6386,76
20260902T145700Z,nogit,./...,BenchmarkFetcher_Fetch-10,118138,6378,76
20260902T145700Z,nogit,./...,BenchmarkFetcher_Fetch-10,120654,6374,76
20260902T145700Z,nogit,./...,BenchmarkFetcher_Fetch-10,306366,16084,106
20260902T145700Z,nogit,./...,BenchmarkFetcher_Fetch-10,311612,15707,106
20260902T145700Z,nogit,./...,BenchmarkFetcher_Fetch-10,313620,15654,106
20260902T145700Z,nogit,./...,BenchmarkFetcher_Fetch-10,315295,15589,105
20260902T145700Z,nogit,./...,BenchmarkFetcher_Fetch-10,310241,15628,106
20260902T145700Z,nogit,./...,BenchmarkFetcher_Fetch-10,310164,15592,106
20260902T145700Z,nogit,./...,BenchmarkAgingQueue_PushPop-10,24.64,0,0
20260902T145700Z,nogit,./...,BenchmarkAgingQueue_PushPop-10,24.62,0,0
20260902T145700Z,nogit,./...,BenchmarkAgingQueue_PushPop-10,24.66,0,0
20260902T145700Z,nogit,./...,BenchmarkAgingQueue_PushPop-10,25.78,0,0
20260902T145700Z,nogit,./...,BenchmarkAgingQueue_PushPop-10,24.69,0,0
20260902T145700Z,nogit,./...,BenchmarkAgingQueue_PushPop-10,24.65,0,0
20260902T145700Z,nogit,./...,BenchmarkBulkhead_SubmitLLM-10,3315,201,4
20260902T145700Z,nogit,./...,BenchmarkBulkhead_SubmitLLM-10,3362,201,4
20260902T145700Z,nogit,./...,BenchmarkBulkhead_SubmitLLM-10,3328,201,4
20260902T145700Z,nogit,./...,BenchmarkBulkhead_SubmitLLM-10,3344,201,4
20260902T145700Z,nogit,./...,BenchmarkBulkhead_SubmitLLM-10,3319,200,4
20260902T145700Z,nogit,./...,BenchmarkBulkhead_SubmitLLM-10,3425,200,4
20260902T145700Z,nogit,./...,BenchmarkDeque_PushPopBottom-10,8.955,0,0
20260902T145700Z,nogit,./...,BenchmarkDeque_PushPopBottom-10,8.966,0,0
20260902T145700Z,nogit,./...,BenchmarkDeque_PushPopBottom-10,8.996,0,0
20260902T145700Z,nogit,./...,BenchmarkDeque_PushPopBottom-10,8.980,0,0
20260902T145700Z,nogit,./...,BenchmarkDeque_PushPopBottom-10,8.991,0,0
20260902T145700Z,nogit,./...,BenchmarkDeque_PushPopBottom-10,8.967,0,0
20260902T145700Z,nogit,./...,BenchmarkDeque_StealContention-10,93.40,6,0
20260902T145700Z,nogit,./...,BenchmarkDeque_StealContention-10,109.7,6,0
20260902T145700Z,nogit,./...,BenchmarkDeque_StealContention-10,113.2,7,0
20260902T145700Z,nogit,./...,BenchmarkDeque_StealContention-10,113.5,7,0
20260902T145700Z,nogit,./...,BenchmarkDeque_StealContention-10,113.4,7,0
20260902T145700Z,nogit,./...,BenchmarkDeque_StealContention-10,113.8,7,0
20260902T145700Z,nogit,./...,BenchmarkInjector_PushPop-10,17.22,0,0
20260902T145700Z,nogit,./...,BenchmarkInjector_PushPop-10,17.25,0,0
20260902T145700Z,nogit,./...,BenchmarkInjector_PushPop-10,17.50,0,0
20260902T145700Z,nogit,./...,BenchmarkInjector_PushPop-10,17.47,0,0
20260902T145700Z,nogit,./...,BenchmarkInjector_PushPop-10,17.47,0,0
20260902T145700Z,nogit,./...,BenchmarkInjector_PushPop-10,17.47,0,0
20260902T145700Z,nogit,./...,BenchmarkSubmit_Trivial-10,3472,185,4
20260902T145700Z,nogit,./...,BenchmarkSubmit_Trivial-10,3312,184,4
20260902T145700Z,nogit,./...,BenchmarkSubmit_Trivial-10,3283,184,4
20260902T145700Z,nogit,./...,BenchmarkSubmit_Trivial-10,3309,184,4
20260902T145700Z,nogit,./...,BenchmarkSubmit_Trivial-10,3388,184,4
20260902T145700Z,nogit,./...,BenchmarkSubmit_Trivial-10,3308,185,4
20260902T145700Z,nogit,./...,BenchmarkSubmit_ParallelExternal-10,1448,184,4
20260902T145700Z,nogit,./...,BenchmarkSubmit_ParallelExternal-10,1478,184,4
20260902T145700Z,nogit,./...,BenchmarkSubmit_ParallelExternal-10,1437,184,4
20260902T145700Z,nogit,./...,BenchmarkSubmit_ParallelExternal-10,1507,184,4
20260902T145700Z,nogit,./...,BenchmarkSubmit_ParallelExternal-10,1499,184,4
20260902T145700Z,nogit,./...,BenchmarkSubmit_ParallelExternal-10,1490,184,4
20260902T145700Z,nogit,./...,BenchmarkSubmit_NestedFanout-10,53860,11983,261
20260902T145700Z,nogit,./...,BenchmarkSubmit_NestedFanout-10,53313,11982,261
20260902T145700Z,nogit,./...,BenchmarkSubmit_NestedFanout-10,54901,11982,261
20260902T145700Z,nogit,./...,BenchmarkSubmit_NestedFanout-10,54552,11982,261
20260902T145700Z,nogit,./...,BenchmarkSubmit_NestedFanout-10,53148,11983,261
20260902T145700Z,nogit,./...,BenchmarkSubmit_NestedFanout-10,53839,11983,261
20260902T145700Z,nogit,./...,BenchmarkFS_SaveFile-10,319589,475,6
20260902T145700Z,nogit,./...,BenchmarkFS_SaveFile-10,320753,465,6
20260902T145700Z,nogit,./...,BenchmarkFS_SaveFile-10,328459,484,6
20260902T145700Z,nogit,./...,BenchmarkFS_SaveFile-10,307090,474,6
20260902T145700Z,nogit,./...,BenchmarkFS_SaveFile-10,313366,475,6
20260902T145700Z,nogit,./...,BenchmarkFS_SaveFile-10,309210,475,6
20260902T145700Z,nogit,./...,BenchmarkFS_GetSavedFile-10,27007,362,4
20260902T145700Z,nogit,./...,BenchmarkFS_GetSavedFile-10,26844,361,4
20260902T145700Z,nogit,./...,BenchmarkFS_GetSavedFile-10,27046,362,4
20260902T145700Z,nogit,./...,BenchmarkFS_GetSavedFile-10,26901,361,4
20260902T145700Z,nogit,./...,BenchmarkFS_GetSavedFile-10,26850,361,4
20260902T145700Z,nogit,./...,BenchmarkFS_GetSavedFile-10,26760,361,4
20260902T145700Z,nogit,./...,BenchmarkFS_CompareFiles-10,100816,107728,35
20260902T145700Z,nogit,./...,BenchmarkFS_CompareFiles-10,100729,107728,35
20260902T145700Z,nogit,./...,BenchmarkFS_CompareFiles-10,100855,107728,35
20260902T145700Z,nogit,./...,BenchmarkFS_CompareFiles-10,100877,107728,35
20260902T145700Z,nogit,./...,BenchmarkFS_CompareFiles-10,100666,107728,35
20260902T145700Z,nogit,./...,BenchmarkFS_CompareFiles-10,100613,107728,35
20260902T145700Z,nogit,./...,BenchmarkDiffLinesLCS-10,825292,1040398,2
20260902T145700Z,nogit,./...,BenchmarkDiffLinesLCS-10,822276,1040387,2
20260902T145700Z,nogit,./...,BenchmarkDiffLinesLCS-10,863609,1040386,2
20260902T145700Z,nogit,./...,BenchmarkDiffLinesLCS-10,853326,1040386,2
20260902T145700Z,nogit,./...,BenchmarkDiffLinesLCS-10,850002,1040385,2
20260902T145700Z,nogit,./...,BenchmarkDiffLinesLCS-10,827972,1040385,2
20260902T145700Z,nogit,./...,BenchmarkDiffLines-10,8257,54016,6
20260902T145700Z,nogit,./...,BenchmarkDiffLines-10,8396,54016,6
20260902T145700Z,nogit,./...,BenchmarkDiffLines-10,8350,54016,6
20260902T145700Z,nogit,./...,BenchmarkDiffLines-10,8346,54016,6
20260902T145700Z,nogit,./...,BenchmarkDiffLines-10,8333,54016,6
20260902T145700Z,nogit,./...,BenchmarkDiffLines-10,8368,54016,6
20260902T145700Z,nogit,./...,BenchmarkDiffLinesMyers-10,14146,100096,6
20260902T145700Z,nogit,./...,BenchmarkDiffLinesMyers-10,14192,100096,6
20260902T145700Z,nogit,./...,BenchmarkDiffLinesMyers-10,14270,100096,6
20260902T145700Z,nogit,./...,BenchmarkDiffLinesMyers-10,14068,100096,6
20260902T145700Z,nogit,./...,BenchmarkDiffLinesMyers-10,14097,100096,6
20260902T145700Z,nogit,./...,BenchmarkDiffLinesMyers-10,13606,100096,6
20260902T145700Z,nogit,./...,BenchmarkDiffLinesMyers_LargeSimilar-10,125409,984832,6
20260902T145700Z,nogit,./...,BenchmarkDiffLinesMyers_LargeSimilar-10,144071,984834,6
20260902T145700Z,nogit,./...,BenchmarkDiffLinesMyers_LargeSimilar-10,149579,984834,6
20260902T145700Z,nogit,./...,BenchmarkDiffLinesMyers_LargeSimilar-10,149441,984834,6
20260902T145700Z,nogit,./...,BenchmarkDiffLinesMyers_LargeSimilar-10,150540,984834,6
20260902T145700Z,nogit,./...,BenchmarkDiffLinesMyers_LargeSimilar-10,150243,984834,6
20260902T145700Z,nogit,./...,BenchmarkDiffLinesLCS_LargeSimilar-10,77842742,100368384,2
20260902T145700Z,nogit,./...,BenchmarkDiffLinesLCS_LargeSimilar-10,78514274,100368384,2
20260902T145700Z,nogit,./...,BenchmarkDiffLinesLCS_LargeSimilar-10,80928286,100368384,2
20260902T145700Z,nogit,./...,BenchmarkDiffLinesLCS_LargeSimilar-10,79615860,100368384,2
20260902T145700Z,nogit,./...,BenchmarkDiffLinesLCS_LargeSimilar-10,79346690,100368384,2
20260902T145700Z,nogit,./...,BenchmarkDiffLinesLCS_LargeSimilar-10,78860458,100368384,2
20260902T145700Z,nogit,./...,BenchmarkDiffLines_LargeSimilar-10,66148,354049,6
20260902T145700Z,nogit,./...,BenchmarkDiffLines_LargeSimilar-10,67551,354048,6
20260902T145700Z,nogit,./...,BenchmarkDiffLines_LargeSimilar-10,67577,354049,6
20260902T145700Z,nogit,./...,BenchmarkDiffLines_LargeSimilar-10,64950,354049,6
20260902T145700Z,nogit,./...,BenchmarkDiffLines_LargeSimilar-10,65534,354048,6
20260902T145700Z,nogit,./...,BenchmarkDiffLines_LargeSimilar-10,68878,354049,6
20260902T145700Z,nogit,./...,BenchmarkDiffLines_LargeDissimilar-10,44048587,102593028,364
20260902T145700Z,nogit,./...,BenchmarkDiffLines_LargeDissimilar-10,44019357,102593028,364
20260902T145700Z,nogit,./...,BenchmarkDiffLines_LargeDissimilar-10,44021963,102593032,364
20260902T145700Z,nogit,./...,BenchmarkDiffLines_LargeDissimilar-10,43437054,102593024,364
20260902T145700Z,nogit,./...,BenchmarkDiffLines_LargeDissimilar-10,43774117,102593028,364
20260902T145700Z,nogit,./...,BenchmarkDiffLines_LargeDissimilar-10,43541758,102593024,364
20260902T145700Z,nogit,./...,BenchmarkDiffLinesMyers_ExtraLargeSimilar-10,40520539,433661696,6
20260902T145700Z,nogit,./...,BenchmarkDiffLinesMyers_ExtraLargeSimilar-10,34355864,433661852,6
20260902T145700Z,nogit,./...,BenchmarkDiffLinesMyers_ExtraLargeSimilar-10,33952482,433661696,6
20260902T145700Z,nogit,./...,BenchmarkDiffLinesMyers_ExtraLargeSimilar-10,33172381,433661696,6
20260902T145700Z,nogit,./...,BenchmarkDiffLinesMyers_ExtraLargeSimilar-10,33673436,433661696,6
20260902T145700Z,nogit,./...,BenchmarkDiffLinesMyers_ExtraLargeSimilar-10,33230045,433661696,6
20260902T145700Z,nogit,./...,BenchmarkDiffLines_ExtraLargeSimilar-10,20236638,144713472,6
20260902T145700Z,nogit,./...,BenchmarkDiffLines_ExtraLargeSimilar-10,20201557,144713472,6
20260902T145700Z,nogit,./...,BenchmarkDiffLines_ExtraLargeSimilar-10,20018388,144713472,6
20260902T145700Z,nogit,./...,BenchmarkDiffLines_ExtraLargeSimilar-10,19790588,144713473,6
20260902T145700Z,nogit,./...,BenchmarkDiffLines_ExtraLargeSimilar-10,19514603,144713472,6
20260902T145700Z,nogit,./...,BenchmarkDiffLines_ExtraLargeSimilar-10,20186373,144713472,6
20260902T145700Z,nogit,./...,BenchmarkDiffLines_ExtraLargeDissimilar_BailoutOnly-10,13212892,97810176,2391
20260902T145700Z,nogit,./...,BenchmarkDiffLines_ExtraLargeDissimilar_BailoutOnly-10,13110107,97810176,2391
20260902T145700Z,nogit,./...,BenchmarkDiffLines_ExtraLargeDissimilar_BailoutOnly-10,13599491,97810176,2391
20260902T145700Z,nogit,./...,BenchmarkDiffLines_ExtraLargeDissimilar_BailoutOnly-10,13537133,97810176,2391
20260902T145700Z,nogit,./...,BenchmarkDiffLines_ExtraLargeDissimilar_BailoutOnly-10,13243588,97810177,2391
20260902T145700Z,nogit,./...,BenchmarkDiffLines_ExtraLargeDissimilar_BailoutOnly-10,13454497,97810176,2391
20260902T145700Z,nogit,./...,BenchmarkDiffLines_ExtraLargeDissimilar-10,1689567125,2152792576,479
20260902T145700Z,nogit,./...,BenchmarkDiffLines_ExtraLargeDissimilar-10,1028094125,2152792576,479
20260902T145700Z,nogit,./...,BenchmarkDiffLines_ExtraLargeDissimilar-10,1008537792,2152792576,479
20260902T145700Z,nogit,./...,BenchmarkDiffLines_ExtraLargeDissimilar-10,1153704188,2152792576,479
20260902T145700Z,nogit,./...,BenchmarkDiffLines_ExtraLargeDissimilar-10,1152483709,2152792576,479
20260902T145700Z,nogit,./...,BenchmarkDiffLines_ExtraLargeDissimilar-10,1012633041,2152792576,479
20260902T145700Z,nogit,./...,BenchmarkNewUUID-10,421.9,48,1
20260902T145700Z,nogit,./...,BenchmarkNewUUID-10,422.7,48,1
20260902T145700Z,nogit,./...,BenchmarkNewUUID-10,421.2,48,1
20260902T145700Z,nogit,./...,BenchmarkNewUUID-10,421.2,48,1
20260902T145700Z,nogit,./...,BenchmarkNewUUID-10,425.7,48,1
20260902T145700Z,nogit,./...,BenchmarkNewUUID-10,423.7,48,1
20260902T152501Z,nogit,./...,BenchmarkChunkReader_Read-10,25501,41119.43,832
20260902T152501Z,nogit,./...,BenchmarkChunkReader_Read-10,25198,41613.80,832
20260902T152501Z,nogit,./...,BenchmarkChunkReader_Read-10,24861,42177.14,832
20260902T152501Z,nogit,./...,BenchmarkChunkReader_Read-10,24762,42346.75,832
20260902T152501Z,nogit,./...,BenchmarkChunkReader_Read-10,25597,40964.72,832
20260902T152501Z,nogit,./...,BenchmarkChunkReader_Read-10,25676,40838.13,832
20260902T152501Z,nogit,./...,BenchmarkChunkWriter_Write-10,49.58,21147357.17,88
20260902T152501Z,nogit,./...,BenchmarkChunkWriter_Write-10,49.32,21261138.24,88
20260902T152501Z,nogit,./...,BenchmarkChunkWriter_Write-10,49.37,21237677.24,88
20260902T152501Z,nogit,./...,BenchmarkChunkWriter_Write-10,49.59,21143346.07,88
20260902T152501Z,nogit,./...,BenchmarkChunkWriter_Write-10,49.10,21355658.95,88
20260902T152501Z,nogit,./...,BenchmarkChunkWriter_Write-10,49.07,21369079.34,88
20260902T152501Z,nogit,./...,BenchmarkHandler_Upload_InProcess-10,627534,33641,11
20260902T152501Z,nogit,./...,BenchmarkHandler_Upload_InProcess-10,590011,33620,11
20260902T152501Z,nogit,./...,BenchmarkHandler_Upload_InProcess-10,578580,33628,11
20260902T152501Z,nogit,./...,BenchmarkHandler_Upload_InProcess-10,590277,33599,11
20260902T152501Z,nogit,./...,BenchmarkHandler_Upload_InProcess-10,592987,33595,11
20260902T152501Z,nogit,./...,BenchmarkHandler_Upload_InProcess-10,577827,33653,11
20260902T152501Z,nogit,./...,BenchmarkHandler_Download_InProcess-10,118746,33434,8
20260902T152501Z,nogit,./...,BenchmarkHandler_Download_InProcess-10,119160,33424,8
20260902T152501Z,nogit,./...,BenchmarkHandler_Download_InProcess-10,120103,33416,8
20260902T152501Z,nogit,./...,BenchmarkHandler_Download_InProcess-10,119107,33447,8
20260902T152501Z,nogit,./...,BenchmarkHandler_Download_InProcess-10,117781,33438,8
20260902T152501Z,nogit,./...,BenchmarkHandler_Download_InProcess-10,118642,33436,8
20260902T152501Z,nogit,./...,BenchmarkHandler_Fetch_InProcess-10,304826,33749,11
20260902T152501Z,nogit,./...,BenchmarkHandler_Fetch_InProcess-10,304568,33619,11
20260902T152501Z,nogit,./...,BenchmarkHandler_Fetch_InProcess-10,298301,33688,11
20260902T152501Z,nogit,./...,BenchmarkHandler_Fetch_InProcess-10,321999,33684,11
20260902T152501Z,nogit,./...,BenchmarkHandler_Fetch_InProcess-10,309851,33684,11
20260902T152501Z,nogit,./...,BenchmarkHandler_Fetch_InProcess-10,300340,33651,11
20260902T152501Z,nogit,./...,BenchmarkLiveGRPC_Upload-10,473932,59073,177
20260902T152501Z,nogit,./...,BenchmarkLiveGRPC_Upload-10,461095,58092,175
20260902T152501Z,nogit,./...,BenchmarkLiveGRPC_Upload-10,465280,58046,175
20260902T152501Z,nogit,./...,BenchmarkLiveGRPC_Upload-10,464577,57647,175
20260902T152501Z,nogit,./...,BenchmarkLiveGRPC_Upload-10,469660,58356,175
20260902T152501Z,nogit,./...,BenchmarkLiveGRPC_Upload-10,449756,58209,175
20260902T152501Z,nogit,./...,BenchmarkLiveGRPC_Download-10,272034,62131,174
20260902T152501Z,nogit,./...,BenchmarkLiveGRPC_Download-10,303863,62327,175
20260902T152501Z,nogit,./...,BenchmarkLiveGRPC_Download-10,320860,61960,174
20260902T152501Z,nogit,./...,BenchmarkLiveGRPC_Download-10,408381,62213,175
20260902T152501Z,nogit,./...,BenchmarkLiveGRPC_Download-10,315802,62516,175
20260902T152501Z,nogit,./...,BenchmarkLiveGRPC_Download-10,349151,62183,175
20260902T152501Z,nogit,./...,BenchmarkLiveGRPC_Compare-10,646243,136323,185
20260902T152501Z,nogit,./...,BenchmarkLiveGRPC_Compare-10,657907,135949,185
20260902T152501Z,nogit,./...,BenchmarkLiveGRPC_Compare-10,650423,136307,185
20260902T152501Z,nogit,./...,BenchmarkLiveGRPC_Compare-10,657770,136373,185
20260902T152501Z,nogit,./...,BenchmarkLiveGRPC_Compare-10,659712,136164,185
20260902T152501Z,nogit,./...,BenchmarkLiveGRPC_Compare-10,655633,136366,185
20260902T152501Z,nogit,./...,BenchmarkLiveGRPC_Fetch-10,583145,67363,202
20260902T152501Z,nogit,./...,BenchmarkLiveGRPC_Fetch-10,583500,67806,202
20260902T152501Z,nogit,./...,BenchmarkLiveGRPC_Fetch-10,594436,68021,202
20260902T152501Z,nogit,./...,BenchmarkLiveGRPC_Fetch-10,643502,67797,202
20260902T152501Z,nogit,./...,BenchmarkLiveGRPC_Fetch-10,627999,67490,202
20260902T152501Z,nogit,./...,BenchmarkLiveGRPC_Fetch-10,585097,68839,203
20260902T152501Z,nogit,./...,BenchmarkUploadHandler-10,305339,6710,26
20260902T152501Z,nogit,./...,BenchmarkUploadHandler-10,295187,6684,26
20260902T152501Z,nogit,./...,BenchmarkUploadHandler-10,298250,6718,26
20260902T152501Z,nogit,./...,BenchmarkUploadHandler-10,294540,6678,26
20260902T152501Z,nogit,./...,BenchmarkUploadHandler-10,292257,6695,26
20260902T152501Z,nogit,./...,BenchmarkUploadHandler-10,301573,6710,26
20260902T152501Z,nogit,./...,BenchmarkDownloadHandler-10,116141,10726,23
20260902T152501Z,nogit,./...,BenchmarkDownloadHandler-10,119948,10745,23
20260902T152501Z,nogit,./...,BenchmarkDownloadHandler-10,118227,10755,23
20260902T152501Z,nogit,./...,BenchmarkDownloadHandler-10,115042,10728,23
20260902T152501Z,nogit,./...,BenchmarkDownloadHandler-10,115729,10713,23
20260902T152501Z,nogit,./...,BenchmarkDownloadHandler-10,114660,10728,23
20260902T152501Z,nogit,./...,BenchmarkCompareHandler-10,273894,126724,58
20260902T152501Z,nogit,./...,BenchmarkCompareHandler-10,272662,126725,58
20260902T152501Z,nogit,./...,BenchmarkCompareHandler-10,275264,126724,58
20260902T152501Z,nogit,./...,BenchmarkCompareHandler-10,273814,126724,58
20260902T152501Z,nogit,./...,BenchmarkCompareHandler-10,273728,126724,58
20260902T152501Z,nogit,./...,BenchmarkCompareHandler-10,275706,126725,58
20260902T152501Z,nogit,./...,BenchmarkFetchHandler-10,311071,44605,33
20260902T152501Z,nogit,./...,BenchmarkFetchHandler-10,308887,44536,33
20260902T152501Z,nogit,./...,BenchmarkFetchHandler-10,299300,44662,33
20260902T152501Z,nogit,./...,BenchmarkFetchHandler-10,292510,44625,33
20260902T152501Z,nogit,./...,BenchmarkFetchHandler-10,301670,44623,33
20260902T152501Z,nogit,./...,BenchmarkFetchHandler-10,304607,44671,33
20260902T152501Z,nogit,./...,BenchmarkFetcher_Fetch-10,119253,6380,76
20260902T152501Z,nogit,./...,BenchmarkFetcher_Fetch-10,117628,6375,76
20260902T152501Z,nogit,./...,BenchmarkFetcher_Fetch-10,119042,6382,76
20260902T152501Z,nogit,./...,BenchmarkFetcher_Fetch-10,118964,6383,76
20260902T152501Z,nogit,./...,BenchmarkFetcher_Fetch-10,118406,6377,76
20260902T152501Z,nogit,./...,BenchmarkFetcher_Fetch-10,118248,6382,76
20260902T152501Z,nogit,./...,BenchmarkFetcher_Fetch-10,122455,12568,47
20260902T152501Z,nogit,./...,BenchmarkFetcher_Fetch-10,119085,12365,47
20260902T152501Z,nogit,./...,BenchmarkFetcher_Fetch-10,119572,12353,47
20260902T152501Z,nogit,./...,BenchmarkFetcher_Fetch-10,119750,12329,47
20260902T152501Z,nogit,./...,BenchmarkFetcher_Fetch-10,119393,12314,47
20260902T152501Z,nogit,./...,BenchmarkFetcher_Fetch-10,119446,12323,47
20260902T152501Z,nogit,./...,BenchmarkAgingQueue_PushPop-10,23.86,0,0
20260902T152501Z,nogit,./...,BenchmarkAgingQueue_PushPop-10,23.61,0,0
20260902T152501Z,nogit,./...,BenchmarkAgingQueue_PushPop-10,23.87,0,0
20260902T152501Z,nogit,./...,BenchmarkAgingQueue_PushPop-10,23.66,0,0
20260902T152501Z,nogit,./...,BenchmarkAgingQueue_PushPop-10,24.17,0,0
20260902T152501Z,nogit,./...,BenchmarkAgingQueue_PushPop-10,23.79,0,0
20260902T152501Z,nogit,./...,BenchmarkBulkhead_SubmitLLM-10,3445,217,4
20260902T152501Z,nogit,./...,BenchmarkBulkhead_SubmitLLM-10,3319,217,4
20260902T152501Z,nogit,./...,BenchmarkBulkhead_SubmitLLM-10,3330,217,4
20260902T152501Z,nogit,./...,BenchmarkBulkhead_SubmitLLM-10,3380,217,4
20260902T152501Z,nogit,./...,BenchmarkBulkhead_SubmitLLM-10,3356,216,4
20260902T152501Z,nogit,./...,BenchmarkBulkhead_SubmitLLM-10,3357,217,4
20260902T152501Z,nogit,./...,BenchmarkDeque_PushPopBottom-10,8.601,0,0
20260902T152501Z,nogit,./...,BenchmarkDeque_PushPopBottom-10,8.637,0,0
20260902T152501Z,nogit,./...,BenchmarkDeque_PushPopBottom-10,8.606,0,0
20260902T152501Z,nogit,./...,BenchmarkDeque_PushPopBottom-10,8.580,0,0
20260902T152501Z,nogit,./...,BenchmarkDeque_PushPopBottom-10,8.577,0,0
20260902T152501Z,nogit,./...,BenchmarkDeque_PushPopBottom-10,8.638,0,0
20260902T152501Z,nogit,./...,BenchmarkDeque_StealContention-10,114.0,7,0
20260902T152501Z,nogit,./...,BenchmarkDeque_StealContention-10,112.9,7,0
20260902T152501Z,nogit,./...,BenchmarkDeque_StealContention-10,94.58,6,0
20260902T152501Z,nogit,./...,BenchmarkDeque_StealContention-10,110.0,7,0
20260902T152501Z,nogit,./...,BenchmarkDeque_StealContention-10,108.9,7,0
20260902T152501Z,nogit,./...,BenchmarkDeque_StealContention-10,109.2,7,0
20260902T152501Z,nogit,./...,BenchmarkInjector_PushPop-10,17.13,0,0
20260902T152501Z,nogit,./...,BenchmarkInjector_PushPop-10,17.17,0,0
20260902T152501Z,nogit,./...,BenchmarkInjector_PushPop-10,17.13,0,0
20260902T152501Z,nogit,./...,BenchmarkInjector_PushPop-10,17.14,0,0
20260902T152501Z,nogit,./...,BenchmarkInjector_PushPop-10,17.11,0,0
20260902T152501Z,nogit,./...,BenchmarkInjector_PushPop-10,17.15,0,0
20260902T152501Z,nogit,./...,BenchmarkSubmit_Trivial-10,3351,200,4
20260902T152501Z,nogit,./...,BenchmarkSubmit_Trivial-10,3387,200,4
20260902T152501Z,nogit,./...,BenchmarkSubmit_Trivial-10,3401,200,4
20260902T152501Z,nogit,./...,BenchmarkSubmit_Trivial-10,3396,201,4
20260902T152501Z,nogit,./...,BenchmarkSubmit_Trivial-10,3393,200,4
20260902T152501Z,nogit,./...,BenchmarkSubmit_Trivial-10,3366,200,4
20260902T152501Z,nogit,./...,BenchmarkSubmit_ParallelExternal-10,1287,200,4
20260902T152501Z,nogit,./...,BenchmarkSubmit_ParallelExternal-10,1293,200,4
20260902T152501Z,nogit,./...,BenchmarkSubmit_ParallelExternal-10,1292,200,4
20260902T152501Z,nogit,./...,BenchmarkSubmit_ParallelExternal-10,1328,200,4
20260902T152501Z,nogit,./...,BenchmarkSubmit_ParallelExternal-10,1256,200,4
20260902T152501Z,nogit,./...,BenchmarkSubmit_ParallelExternal-10,1285,200,4
20260902T152501Z,nogit,./...,BenchmarkSubmit_NestedFanout-10,55294,13023,261
20260902T152501Z,nogit,./...,BenchmarkSubmit_NestedFanout-10,55342,13023,261
20260902T152501Z,nogit,./...,BenchmarkSubmit_NestedFanout-10,54352,13023,261
20260902T152501Z,nogit,./...,BenchmarkSubmit_NestedFanout-10,54697,13024,261
20260902T152501Z,nogit,./...,BenchmarkSubmit_NestedFanout-10,54724,13023,261
20260902T152501Z,nogit,./...,BenchmarkSubmit_NestedFanout-10,53983,13023,261
20260902T152501Z,nogit,./...,BenchmarkFS_SaveFile-10,342612,477,6
20260902T152501Z,nogit,./...,BenchmarkFS_SaveFile-10,334266,482,6
20260902T152501Z,nogit,./...,BenchmarkFS_SaveFile-10,323572,474,6
20260902T152501Z,nogit,./...,BenchmarkFS_SaveFile-10,289656,473,6
20260902T152501Z,nogit,./...,BenchmarkFS_SaveFile-10,314888,465,6
20260902T152501Z,nogit,./...,BenchmarkFS_SaveFile-10,290621,456,6
20260902T152501Z,nogit,./...,BenchmarkFS_GetSavedFile-10,115833,362,4
20260902T152501Z,nogit,./...,BenchmarkFS_GetSavedFile-10,115145,361,4
20260902T152501Z,nogit,./...,BenchmarkFS_GetSavedFile-10,114413,361,4
20260902T152501Z,nogit,./...,BenchmarkFS_GetSavedFile-10,113214,362,4
20260902T152501Z,nogit,./...,BenchmarkFS_GetSavedFile-10,114152,362,4
20260902T152501Z,nogit,./...,BenchmarkFS_GetSavedFile-10,116943,363,4
20260902T152501Z,nogit,./...,BenchmarkFS_CompareFiles-10,280954,107728,35
20260902T152501Z,nogit,./...,BenchmarkFS_CompareFiles-10,274012,107728,35
20260902T152501Z,nogit,./...,BenchmarkFS_CompareFiles-10,270422,107728,35
20260902T152501Z,nogit,./...,BenchmarkFS_CompareFiles-10,274987,107728,35
20260902T152501Z,nogit,./...,BenchmarkFS_CompareFiles-10,271413,107728,35
20260902T152501Z,nogit,./...,BenchmarkFS_CompareFiles-10,274796,107728,35
20260902T152501Z,nogit,./...,BenchmarkDiffLinesLCS-10,828286,1040393,2
20260902T152501Z,nogit,./...,BenchmarkDiffLinesLCS-10,841066,1040385,2
20260902T152501Z,nogit,./...,BenchmarkDiffLinesLCS-10,830583,1040385,2
20260902T152501Z,nogit,./...,BenchmarkDiffLinesLCS-10,827696,1040385,2
20260902T152501Z,nogit,./...,BenchmarkDiffLinesLCS-10,843571,1040385,2
20260902T152501Z,nogit,./...,BenchmarkDiffLinesLCS-10,850082,1040385,2
20260902T152501Z,nogit,./...,BenchmarkDiffLines-10,7795,54016,6
20260902T152501Z,nogit,./...,BenchmarkDiffLines-10,7755,54016,6
20260902T152501Z,nogit,./...,BenchmarkDiffLines-10,7785,54016,6
20260902T152501Z,nogit,./...,BenchmarkDiffLines-10,7803,54016,6
20260902T152501Z,nogit,./...,BenchmarkDiffLines-10,7906,54016,6
20260902T152501Z,nogit,./...,BenchmarkDiffLines-10,7843,54016,6
20260902T152501Z,nogit,./...,BenchmarkDiffLinesMyers-10,12907,100096,6
20260902T152501Z,nogit,./...,BenchmarkDiffLinesMyers-10,13085,100096,6
20260902T152501Z,nogit,./...,BenchmarkDiffLinesMyers-10,12949,100096,6
20260902T152501Z,nogit,./...,BenchmarkDiffLinesMyers-10,12998,100096,6
20260902T152501Z,nogit,./...,BenchmarkDiffLinesMyers-10,13222,100096,6
20260902T152501Z,nogit,./...,BenchmarkDiffLinesMyers-10,13152,100096,6
20260902T152501Z,nogit,./...,BenchmarkDiffLinesMyers_LargeSimilar-10,125842,984832,6
20260902T152501Z,nogit,./...,BenchmarkDiffLinesMyers_LargeSimilar-10,123494,984832,6
20260902T152501Z,nogit,./...,BenchmarkDiffLinesMyers_LargeSimilar-10,123310,984832,6
20260902T152501Z,nogit,./...,BenchmarkDiffLinesMyers_LargeSimilar-10,126938,984833,6
20260902T152501Z,nogit,./...,BenchmarkDiffLinesMyers_LargeSimilar-10,148402,984834,6
20260902T152501Z,nogit,./...,BenchmarkDiffLinesMyers_LargeSimilar-10,148729,984834,6
20260902T152501Z,nogit,./...,BenchmarkDiffLinesLCS_LargeSimilar-10,78761661,100368384,2
20260902T152501Z,nogit,./...,BenchmarkDiffLinesLCS_LargeSimilar-10,79216574,100368392,2
20260902T152501Z,nogit,./...,BenchmarkDiffLinesLCS_LargeSimilar-10,79881199,100368384,2
20260902T152501Z,nogit,./...,BenchmarkDiffLinesLCS_LargeSimilar-10,77857267,100368384,2
20260902T152501Z,nogit,./...,BenchmarkDiffLinesLCS_LargeSimilar-10,79245402,100368384,2
20260902T152501Z,nogit,./...,BenchmarkDiffLinesLCS_LargeSimilar-10,75887231,100368384,2
20260902T152501Z,nogit,./...,BenchmarkDiffLines_LargeSimilar-10,64856,354048,6
20260902T152501Z,nogit,./...,BenchmarkDiffLines_LargeSimilar-10,64552,354048,6
20260902T152501Z,nogit,./...,BenchmarkDiffLines_LargeSimilar-10,65072,354048,6
20260902T152501Z,nogit,./...,BenchmarkDiffLines_LargeSimilar-10,65785,354048,6
20260902T152501Z,nogit,./...,BenchmarkDiffLines_LargeSimilar-10,65303,354048,6
20260902T152501Z,nogit,./...,BenchmarkDiffLines_LargeSimilar-10,69896,354048,6
20260902T152501Z,nogit,./...,BenchmarkDiffLines_LargeDissimilar-10,43045191,102593024,364
20260902T152501Z,nogit,./...,BenchmarkDiffLines_LargeDissimilar-10,41773713,102593024,364
20260902T152501Z,nogit,./...,BenchmarkDiffLines_LargeDissimilar-10,41916795,102593032,364
20260902T152501Z,nogit,./...,BenchmarkDiffLines_LargeDissimilar-10,42146735,102593024,364
20260902T152501Z,nogit,./...,BenchmarkDiffLines_LargeDissimilar-10,42973205,102593024,364
20260902T152501Z,nogit,./...,BenchmarkDiffLines_LargeDissimilar-10,42745785,102593028,364
20260902T152501Z,nogit,./...,BenchmarkDiffLinesMyers_ExtraLargeSimilar-10,43734413,433661900,6
20260902T152501Z,nogit,./...,BenchmarkDiffLinesMyers_ExtraLargeSimilar-10,35634621,433661696,6
20260902T152501Z,nogit,./...,BenchmarkDiffLinesMyers_ExtraLargeSimilar-10,34522765,433661696,6
20260902T152501Z,nogit,./...,BenchmarkDiffLinesMyers_ExtraLargeSimilar-10,34668826,433661696,6
20260902T152501Z,nogit,./...,BenchmarkDiffLinesMyers_ExtraLargeSimilar-10,34819446,433661696,6
20260902T152501Z,nogit,./...,BenchmarkDiffLinesMyers_ExtraLargeSimilar-10,34107871,433661696,6
20260902T152501Z,nogit,./...,BenchmarkDiffLines_ExtraLargeSimilar-10,20317672,144713472,6
20260902T152501Z,nogit,./...,BenchmarkDiffLines_ExtraLargeSimilar-10,20124811,144713472,6
20260902T152501Z,nogit,./...,BenchmarkDiffLines_ExtraLargeSimilar-10,20639254,144713472,6
20260902T152501Z,nogit,./...,BenchmarkDiffLines_ExtraLargeSimilar-10,20612492,144713472,6
20260902T152501Z,nogit,./...,BenchmarkDiffLines_ExtraLargeSimilar-10,20522801,144713472,6
20260902T152501Z,nogit,./...,BenchmarkDiffLines_ExtraLargeSimilar-10,20647017,144713472,6
20260902T152501Z,nogit,./...,BenchmarkDiffLines_ExtraLargeDissimilar_BailoutOnly-10,13568496,97810177,2391
20260902T152501Z,nogit,./...,BenchmarkDiffLines_ExtraLargeDissimilar_BailoutOnly-10,13648750,97810176,2391
20260902T152501Z,nogit,./...,BenchmarkDiffLines_ExtraLargeDissimilar_BailoutOnly-10,13332786,97810237,2391
20260902T152501Z,nogit,./...,BenchmarkDiffLines_ExtraLargeDissimilar_BailoutOnly-10,13632781,97810176,2391
20260902T152501Z,nogit,./...,BenchmarkDiffLines_ExtraLargeDissimilar_BailoutOnly-10,13449924,97810176,2391
20260902T152501Z,nogit,./...,BenchmarkDiffLines_ExtraLargeDissimilar_BailoutOnly-10,13192945,97810176,2391
20260902T152501Z,nogit,./...,BenchmarkDiffLines_ExtraLargeDissimilar-10,1763613417,2152792576,479
20260902T152501Z,nogit,./...,BenchmarkDiffLines_ExtraLargeDissimilar-10,1070264041,2152792576,479
20260902T152501Z,nogit,./...,BenchmarkDiffLines_ExtraLargeDissimilar-10,1004122917,2152792576,479
20260902T152501Z,nogit,./...,BenchmarkDiffLines_ExtraLargeDissimilar-10,1005279209,2152792576,479
20260902T152501Z,nogit,./...,BenchmarkDiffLines_ExtraLargeDissimilar-10,1009608542,2152792576,479
20260902T152501Z,nogit,./...,BenchmarkDiffLines_ExtraLargeDissimilar-10,1016297959,2152792576,479
20260902T152501Z,nogit,./...,BenchmarkNewUUID-10,418.7,48,1
20260902T152501Z,nogit,./...,BenchmarkNewUUID-10,418.4,48,1
20260902T152501Z,nogit,./...,BenchmarkNewUUID-10,418.0,48,1
20260902T152501Z,nogit,./...,BenchmarkNewUUID-10,417.7,48,1
20260902T152501Z,nogit,./...,BenchmarkNewUUID-10,417.8,48,1
20260902T152501Z,nogit,./...,BenchmarkNewUUID-10,422.1,48,1
20260902T154547Z,nogit,./...,BenchmarkChunkReader_Read-10,25962,40388.60,832
20260902T154547Z,nogit,./...,BenchmarkChunkReader_Read-10,26666,39322.96,832
20260902T154547Z,nogit,./...,BenchmarkChunkReader_Read-10,27245,38486.29,832
20260902T154547Z,nogit,./...,BenchmarkChunkReader_Read-10,26025,40291.19,832
20260902T154547Z,nogit,./...,BenchmarkChunkReader_Read-10,26894,38988.60,832
20260902T154547Z,nogit,./...,BenchmarkChunkReader_Read-10,27013,38816.83,832
20260902T154547Z,nogit,./...,BenchmarkChunkWriter_Write-10,48.84,21471247.47,88
20260902T154547Z,nogit,./...,BenchmarkChunkWriter_Write-10,48.66,21548678.73,88
20260902T154547Z,nogit,./...,BenchmarkChunkWriter_Write-10,48.68,21539145.00,88
20260902T154547Z,nogit,./...,BenchmarkChunkWriter_Write-10,48.78,21494335.06,88
20260902T154547Z,nogit,./...,BenchmarkChunkWriter_Write-10,48.75,21509704.58,88
20260902T154547Z,nogit,./...,BenchmarkChunkWriter_Write-10,48.57,21588192.11,88
20260902T154547Z,nogit,./...,BenchmarkHandler_Upload_InProcess-10,640866,33626,11
20260902T154547Z,nogit,./...,BenchmarkHandler_Upload_InProcess-10,548097,33592,11
20260902T154547Z,nogit,./...,BenchmarkHandler_Upload_InProcess-10,605958,33607,11
20260902T154547Z,nogit,./...,BenchmarkHandler_Upload_InProcess-10,576068,33662,11
20260902T154547Z,nogit,./...,BenchmarkHandler_Upload_InProcess-10,612943,33630,11
20260902T154547Z,nogit,./...,BenchmarkHandler_Upload_InProcess-10,529247,33662,11
20260902T154547Z,nogit,./...,BenchmarkHandler_Download_InProcess-10,118635,33421,8
20260902T154547Z,nogit,./...,BenchmarkHandler_Download_InProcess-10,120570,33425,8
20260902T154547Z,nogit,./...,BenchmarkHandler_Download_InProcess-10,119113,33448,8
20260902T154547Z,nogit,./...,BenchmarkHandler_Download_InProcess-10,120423,33424,8
20260902T154547Z,nogit,./...,BenchmarkHandler_Download_InProcess-10,120317,33440,8
20260902T154547Z,nogit,./...,BenchmarkHandler_Download_InProcess-10,120159,33447,8
20260902T154547Z,nogit,./...,BenchmarkHandler_Fetch_InProcess-10,306704,33668,11
20260902T154547Z,nogit,./...,BenchmarkHandler_Fetch_InProcess-10,297232,33673,11
20260902T154547Z,nogit,./...,BenchmarkHandler_Fetch_InProcess-10,303050,33713,11
20260902T154547Z,nogit,./...,BenchmarkHandler_Fetch_InProcess-10,304082,33686,11
20260902T154547Z,nogit,./...,BenchmarkHandler_Fetch_InProcess-10,300029,33673,11
20260902T154547Z,nogit,./...,BenchmarkHandler_Fetch_InProcess-10,305846,33714,11
20260902T154547Z,nogit,./...,BenchmarkLiveGRPC_Upload-10,457596,58443,176
20260902T154547Z,nogit,./...,BenchmarkLiveGRPC_Upload-10,453665,57583,175
20260902T154547Z,nogit,./...,BenchmarkLiveGRPC_Upload-10,449556,58875,175
20260902T154547Z,nogit,./...,BenchmarkLiveGRPC_Upload-10,474031,57965,175
20260902T154547Z,nogit,./...,BenchmarkLiveGRPC_Upload-10,459254,57750,175
20260902T154547Z,nogit,./...,BenchmarkLiveGRPC_Upload-10,442393,57537,175
20260902T154547Z,nogit,./...,BenchmarkLiveGRPC_Download-10,273390,62203,174
20260902T154547Z,nogit,./...,BenchmarkLiveGRPC_Download-10,313951,62084,174
20260902T154547Z,nogit,./...,BenchmarkLiveGRPC_Download-10,315070,62240,175
20260902T154547Z,nogit,./...,BenchmarkLiveGRPC_Download-10,376747,62439,175
20260902T154547Z,nogit,./...,BenchmarkLiveGRPC_Download-10,306089,62481,175
20260902T154547Z,nogit,./...,BenchmarkLiveGRPC_Download-10,316807,62046,174
20260902T154547Z,nogit,./...,BenchmarkLiveGRPC_Compare-10,636283,135992,185
20260902T154547Z,nogit,./...,BenchmarkLiveGRPC_Compare-10,594994,136003,185
20260902T154547Z,nogit,./...,BenchmarkLiveGRPC_Compare-10,602551,136187,185
20260902T154547Z,nogit,./...,BenchmarkLiveGRPC_Compare-10,583597,136083,185
20260902T154547Z,nogit,./...,BenchmarkLiveGRPC_Compare-10,623655,136050,185
20260902T154547Z,nogit,./...,BenchmarkLiveGRPC_Compare-10,652377,135910,185
20260902T154547Z,nogit,./...,BenchmarkLiveGRPC_Fetch-10,613651,61797,231
20260902T154547Z,nogit,./...,BenchmarkLiveGRPC_Fetch-10,639529,62779,232
20260902T154547Z,nogit,./...,BenchmarkLiveGRPC_Fetch-10,605905,61803,231
20260902T154547Z,nogit,./...,BenchmarkLiveGRPC_Fetch-10,610147,61784,231
20260902T154547Z,nogit,./...,BenchmarkLiveGRPC_Fetch-10,601184,62728,232
20260902T154547Z,nogit,./...,BenchmarkLiveGRPC_Fetch-10,606771,61746,231
20260902T154547Z,nogit,./...,BenchmarkUploadHandler-10,329942,6734,26
20260902T154547Z,nogit,./...,BenchmarkUploadHandler-10,307218,6690,26
20260902T154547Z,nogit,./...,BenchmarkUploadHandler-10,314389,6706,26
20260902T154547Z,nogit,./...,BenchmarkUploadHandler-10,306675,6693,26
20260902T154547Z,nogit,./...,BenchmarkUploadHandler-10,322035,6707,26
20260902T154547Z,nogit,./...,BenchmarkUploadHandler-10,315325,6676,26
20260902T154547Z,nogit,./...,BenchmarkDownloadHandler-10,118784,10726,23
20260902T154547Z,nogit,./...,BenchmarkDownloadHandler-10,116406,10730,23
20260902T154547Z,nogit,./...,BenchmarkDownloadHandler-10,115244,10713,23
20260902T154547Z,nogit,./...,BenchmarkDownloadHandler-10,114539,10702,23
20260902T154547Z,nogit,./...,BenchmarkDownloadHandler-10,117448,10726,23
20260902T154547Z,nogit,./...,BenchmarkDownloadHandler-10,118950,10715,23
20260902T154547Z,nogit,./...,BenchmarkCompareHandler-10,275185,126724,58
20260902T154547Z,nogit,./...,BenchmarkCompareHandler-10,281013,126724,58
20260902T154547Z,nogit,./...,BenchmarkCompareHandler-10,353662,126724,58
20260902T154547Z,nogit,./...,BenchmarkCompareHandler-10,355185,126724,58
20260902T154547Z,nogit,./...,BenchmarkCompareHandler-10,274746,126724,58
20260902T154547Z,nogit,./...,BenchmarkCompareHandler-10,274135,126724,58
20260902T154547Z,nogit,./...,BenchmarkFetchHandler-10,310283,44563,33
20260902T154547Z,nogit,./...,BenchmarkFetchHandler-10,306903,44586,33
20260902T154547Z,nogit,./...,BenchmarkFetchHandler-10,310202,44658,33
20260902T154547Z,nogit,./...,BenchmarkFetchHandler-10,304485,44620,33
20260902T154547Z,nogit,./...,BenchmarkFetchHandler-10,301809,44607,33
20260902T154547Z,nogit,./...,BenchmarkFetchHandler-10,300508,44535,33
20260902T154547Z,nogit,./...,BenchmarkFetcher_Fetch-10,120839,6383,76
20260902T154547Z,nogit,./...,BenchmarkFetcher_Fetch-10,124266,6372,76
20260902T154547Z,nogit,./...,BenchmarkFetcher_Fetch-10,118810,6368,76
20260902T154547Z,nogit,./...,BenchmarkFetcher_Fetch-10,120311,6366,76
20260902T154547Z,nogit,./...,BenchmarkFetcher_Fetch-10,120090,6374,76
20260902T154547Z,nogit,./...,BenchmarkFetcher_Fetch-10,142329,6380,76
20260902T154547Z,nogit,./...,BenchmarkAgingQueue_PushPop-10,24.63,0,0
20260902T154547Z,nogit,./...,BenchmarkAgingQueue_PushPop-10,24.37,0,0
20260902T154547Z,nogit,./...,BenchmarkAgingQueue_PushPop-10,24.18,0,0
20260902T154547Z,nogit,./...,BenchmarkAgingQueue_PushPop-10,24.52,0,0
20260902T154547Z,nogit,./...,BenchmarkAgingQueue_PushPop-10,23.79,0,0
20260902T154547Z,nogit,./...,BenchmarkAgingQueue_PushPop-10,23.84,0,0
20260902T154547Z,nogit,./...,BenchmarkBulkhead_SubmitLLM-10,3376,217,4
20260902T154547Z,nogit,./...,BenchmarkBulkhead_SubmitLLM-10,3348,217,4
20260902T154547Z,nogit,./...,BenchmarkBulkhead_SubmitLLM-10,3328,217,4
20260902T154547Z,nogit,./...,BenchmarkBulkhead_SubmitLLM-10,3325,216,4
20260902T154547Z,nogit,./...,BenchmarkBulkhead_SubmitLLM-10,3247,216,4
20260902T154547Z,nogit,./...,BenchmarkBulkhead_SubmitLLM-10,3261,216,4
20260902T154547Z,nogit,./...,BenchmarkDeque_PushPopBottom-10,9.012,0,0
20260902T154547Z,nogit,./...,BenchmarkDeque_PushPopBottom-10,9.047,0,0
20260902T154547Z,nogit,./...,BenchmarkDeque_PushPopBottom-10,8.909,0,0
20260902T154547Z,nogit,./...,BenchmarkDeque_PushPopBottom-10,8.961,0,0
20260902T154547Z,nogit,./...,BenchmarkDeque_PushPopBottom-10,8.966,0,0
20260902T154547Z,nogit,./...,BenchmarkDeque_PushPopBottom-10,8.955,0,0
20260902T154547Z,nogit,./...,BenchmarkDeque_StealContention-10,95.57,6,0
20260902T154547Z,nogit,./...,BenchmarkDeque_StealContention-10,113.4,7,0
20260902T154547Z,nogit,./...,BenchmarkDeque_StealContention-10,113.7,7,0
20260902T154547Z,nogit,./...,BenchmarkDeque_StealContention-10,112.1,7,0
20260902T154547Z,nogit,./...,BenchmarkDeque_StealContention-10,112.8,7,0
20260902T154547Z,nogit,./...,BenchmarkDeque_StealContention-10,113.5,7,0
20260902T154547Z,nogit,./...,BenchmarkInjector_PushPop-10,17.31,0,0
20260902T154547Z,nogit,./...,BenchmarkInjector_PushPop-10,17.25,0,0
20260902T154547Z,nogit,./...,BenchmarkInjector_PushPop-10,17.20,0,0
20260902T154547Z,nogit,./...,BenchmarkInjector_PushPop-10,17.27,0,0
20260902T154547Z,nogit,./...,BenchmarkInjector_PushPop-10,17.23,0,0
20260902T154547Z,nogit,./...,BenchmarkInjector_PushPop-10,17.25,0,0
20260902T154547Z,nogit,./...,BenchmarkSubmit_Trivial-10,3272,200,4
20260902T154547Z,nogit,./...,BenchmarkSubmit_Trivial-10,3253,201,4
20260902T154547Z,nogit,./...,BenchmarkSubmit_Trivial-10,3233,201,4
20260902T154547Z,nogit,./...,BenchmarkSubmit_Trivial-10,3223,201,4
20260902T154547Z,nogit,./...,BenchmarkSubmit_Trivial-10,3277,201,4
20260902T154547Z,nogit,./...,BenchmarkSubmit_Trivial-10,3253,201,4
20260902T154547Z,nogit,./...,BenchmarkSubmit_ParallelExternal-10,1661,200,4
20260902T154547Z,nogit,./...,BenchmarkSubmit_ParallelExternal-10,1644,200,4
20260902T154547Z,nogit,./...,BenchmarkSubmit_ParallelExternal-10,1648,200,4
20260902T154547Z,nogit,./...,BenchmarkSubmit_ParallelExternal-10,1623,200,4
20260902T154547Z,nogit,./...,BenchmarkSubmit_ParallelExternal-10,1654,200,4
20260902T154547Z,nogit,./...,BenchmarkSubmit_ParallelExternal-10,1591,200,4
20260902T154547Z,nogit,./...,BenchmarkSubmit_NestedFanout-10,66444,13023,261
20260902T154547Z,nogit,./...,BenchmarkSubmit_NestedFanout-10,65587,13024,261
20260902T154547Z,nogit,./...,BenchmarkSubmit_NestedFanout-10,64173,13022,261
20260902T154547Z,nogit,./...,BenchmarkSubmit_NestedFanout-10,52830,13023,261
20260902T154547Z,nogit,./...,BenchmarkSubmit_NestedFanout-10,53889,13022,261
20260902T154547Z,nogit,./...,BenchmarkSubmit_NestedFanout-10,57116,13023,261
20260902T154547Z,nogit,./...,BenchmarkFS_SaveFile-10,309212,473,6
20260902T154547Z,nogit,./...,BenchmarkFS_SaveFile-10,295780,465,6
20260902T154547Z,nogit,./...,BenchmarkFS_SaveFile-10,287102,464,6
20260902T154547Z,nogit,./...,BenchmarkFS_SaveFile-10,290352,464,6
20260902T154547Z,nogit,./...,BenchmarkFS_SaveFile-10,326397,465,6
20260902T154547Z,nogit,./...,BenchmarkFS_SaveFile-10,311850,456,6
20260902T154547Z,nogit,./...,BenchmarkFS_GetSavedFile-10,116141,362,4
20260902T154547Z,nogit,./...,BenchmarkFS_GetSavedFile-10,115772,362,4
20260902T154547Z,nogit,./...,BenchmarkFS_GetSavedFile-10,114559,362,4
20260902T154547Z,nogit,./...,BenchmarkFS_GetSavedFile-10,114391,362,4
20260902T154547Z,nogit,./...,BenchmarkFS_GetSavedFile-10,111797,360,4
20260902T154547Z,nogit,./...,BenchmarkFS_GetSavedFile-10,113999,363,4
20260902T154547Z,nogit,./...,BenchmarkFS_CompareFiles-10,266380,107728,35
20260902T154547Z,nogit,./...,BenchmarkFS_CompareFiles-10,268891,107728,35
20260902T154547Z,nogit,./...,BenchmarkFS_CompareFiles-10,268959,107728,35
20260902T154547Z,nogit,./...,BenchmarkFS_CompareFiles-10,270825,107728,35
20260902T154547Z,nogit,./...,BenchmarkFS_CompareFiles-10,268579,107728,35
20260902T154547Z,nogit,./...,BenchmarkFS_CompareFiles-10,266912,107729,35
20260902T154547Z,nogit,./...,BenchmarkDiffLinesLCS-10,835322,1040389,2
20260902T154547Z,nogit,./...,BenchmarkDiffLinesLCS-10,816887,1040386,2
20260902T154547Z,nogit,./...,BenchmarkDiffLinesLCS-10,802363,1040385,2
20260902T154547Z,nogit,./...,BenchmarkDiffLinesLCS-10,824178,1040385,2
20260902T154547Z,nogit,./...,BenchmarkDiffLinesLCS-10,811165,1040385,2
20260902T154547Z,nogit,./...,BenchmarkDiffLinesLCS-10,808529,1040389,2
20260902T154547Z,nogit,./...,BenchmarkDiffLines-10,7776,54016,6
20260902T154547Z,nogit,./...,BenchmarkDiffLines-10,7834,54016,6
20260902T154547Z,nogit,./...,BenchmarkDiffLines-10,7789,54016,6
20260902T154547Z,nogit,./...,BenchmarkDiffLines-10,7808,54016,6
20260902T154547Z,nogit,./...,BenchmarkDiffLines-10,7801,54016,6
20260902T154547Z,nogit,./...,BenchmarkDiffLines-10,7805,54016,6
20260902T154547Z,nogit,./...,BenchmarkDiffLinesMyers-10,12599,100096,6
20260902T154547Z,nogit,./...,BenchmarkDiffLinesMyers-10,12937,100096,6
20260902T154547Z,nogit,./...,BenchmarkDiffLinesMyers-10,12894,100096,6
20260902T154547Z,nogit,./...,BenchmarkDiffLinesMyers-10,12922,100096,6
20260902T154547Z,nogit,./...,BenchmarkDiffLinesMyers-10,12913,100096,6
20260902T154547Z,nogit,./...,BenchmarkDiffLinesMyers-10,12989,100096,6
20260902T154547Z,nogit,./...,BenchmarkDiffLinesMyers_LargeSimilar-10,123706,984832,6
20260902T154547Z,nogit,./...,BenchmarkDiffLinesMyers_LargeSimilar-10,122398,984832,6
20260902T154547Z,nogit,./...,BenchmarkDiffLinesMyers_LargeSimilar-10,128193,984832,6
20260902T154547Z,nogit,./...,BenchmarkDiffLinesMyers_LargeSimilar-10,123789,984832,6
20260902T154547Z,nogit,./...,BenchmarkDiffLinesMyers_LargeSimilar-10,147124,984834,6
20260902T154547Z,nogit,./...,BenchmarkDiffLinesMyers_LargeSimilar-10,149864,984835,6
20260902T154547Z,nogit,./...,BenchmarkDiffLinesLCS_LargeSimilar-10,80821789,100368384,2
20260902T154547Z,nogit,./...,BenchmarkDiffLinesLCS_LargeSimilar-10,79566336,100368384,2
20260902T154547Z,nogit,./...,BenchmarkDiffLinesLCS_LargeSimilar-10,77073149,100368384,2
20260902T154547Z,nogit,./...,BenchmarkDiffLinesLCS_LargeSimilar-10,76285875,100368384,2
20260902T154547Z,nogit,./...,BenchmarkDiffLinesLCS_LargeSimilar-10,79539232,100368384,2
20260902T154547Z,nogit,./...,BenchmarkDiffLinesLCS_LargeSimilar-10,78290851,100368384,2
20260902T154547Z,nogit,./...,BenchmarkDiffLines_LargeSimilar-10,65113,354048,6
20260902T154547Z,nogit,./...,BenchmarkDiffLines_LargeSimilar-10,65923,354048,6
20260902T154547Z,nogit,./...,BenchmarkDiffLines_LargeSimilar-10,82167,354048,6
20260902T154547Z,nogit,./...,BenchmarkDiffLines_LargeSimilar-10,66838,354048,6
20260902T154547Z,nogit,./...,BenchmarkDiffLines_LargeSimilar-10,66215,354048,6
20260902T154547Z,nogit,./...,BenchmarkDiffLines_LargeSimilar-10,65335,354048,6
20260902T154547Z,nogit,./...,BenchmarkDiffLines_LargeDissimilar-10,43853177,102593024,364
20260902T154547Z,nogit,./...,BenchmarkDiffLines_LargeDissimilar-10,42741400,102593024,364
20260902T154547Z,nogit,./...,BenchmarkDiffLines_LargeDissimilar-10,43142707,102593024,364
20260902T154547Z,nogit,./...,BenchmarkDiffLines_LargeDissimilar-10,43787277,102593024,364
20260902T154547Z,nogit,./...,BenchmarkDiffLines_LargeDissimilar-10,43061019,102593024,364
20260902T154547Z,nogit,./...,BenchmarkDiffLines_LargeDissimilar-10,43145721,102593024,364
20260902T154547Z,nogit,./...,BenchmarkDiffLinesMyers_ExtraLargeSimilar-10,39726551,433661696,6
20260902T154547Z,nogit,./...,BenchmarkDiffLinesMyers_ExtraLargeSimilar-10,33825132,433661696,6
20260902T154547Z,nogit,./...,BenchmarkDiffLinesMyers_ExtraLargeSimilar-10,32507803,433661696,6
20260902T154547Z,nogit,./...,BenchmarkDiffLinesMyers_ExtraLargeSimilar-10,34005449,433661696,6
20260902T154547Z,nogit,./...,BenchmarkDiffLinesMyers_ExtraLargeSimilar-10,34420685,433661696,6
20260902T154547Z,nogit,./...,BenchmarkDiffLinesMyers_ExtraLargeSimilar-10,33916001,433661699,6
20260902T154547Z,nogit,./...,BenchmarkDiffLines_ExtraLargeSimilar-10,20249893,144713472,6
20260902T154547Z,nogit,./...,BenchmarkDiffLines_ExtraLargeSimilar-10,30905566,144713472,6
20260902T154547Z,nogit,./...,BenchmarkDiffLines_ExtraLargeSimilar-10,24700762,144713472,6
20260902T154547Z,nogit,./...,BenchmarkDiffLines_ExtraLargeSimilar-10,22027485,144713472,6
20260902T154547Z,nogit,./...,BenchmarkDiffLines_ExtraLargeSimilar-10,20350072,144713472,6
20260902T154547Z,nogit,./...,BenchmarkDiffLines_ExtraLargeSimilar-10,20444431,144713472,6
20260902T154547Z,nogit,./...,BenchmarkDiffLines_ExtraLargeDissimilar_BailoutOnly-10,13457738,97810176,2391
20260902T154547Z,nogit,./...,BenchmarkDiffLines_ExtraLargeDissimilar_BailoutOnly-10,13167796,97810176,2391
20260902T154547Z,nogit,./...,BenchmarkDiffLines_ExtraLargeDissimilar_BailoutOnly-10,13026482,97810176,2391
20260902T154547Z,nogit,./...,BenchmarkDiffLines_ExtraLargeDissimilar_BailoutOnly-10,13155144,97810176,2391
20260902T154547Z,nogit,./...,BenchmarkDiffLines_ExtraLargeDissimilar_BailoutOnly-10,13265362,97810176,2391
20260902T154547Z,nogit,./...,BenchmarkDiffLines_ExtraLargeDissimilar_BailoutOnly-10,13354889,97810176,2391
20260902T154547Z,nogit,./...,BenchmarkDiffLines_ExtraLargeDissimilar-10,1655652917,2152792576,479
20260902T154547Z,nogit,./...,BenchmarkDiffLines_ExtraLargeDissimilar-10,1155686250,2152792576,479
20260902T154547Z,nogit,./...,BenchmarkDiffLines_ExtraLargeDissimilar-10,1431302084,2152792576,479
20260902T154547Z,nogit,./...,BenchmarkDiffLines_ExtraLargeDissimilar-10,1523100583,2152792576,479
20260902T154547Z,nogit,./...,BenchmarkDiffLines_ExtraLargeDissimilar-10,1224635708,2152792576,479
20260902T154547Z,nogit,./...,BenchmarkDiffLines_ExtraLargeDissimilar-10,1459937459,2152792576,479
20260902T154547Z,nogit,./...,BenchmarkNewUUID-10,420.1,48,1
20260902T154547Z,nogit,./...,BenchmarkNewUUID-10,429.6,48,1
20260902T154547Z,nogit,./...,BenchmarkNewUUID-10,419.2,48,1
20260902T154547Z,nogit,./...,BenchmarkNewUUID-10,419.7,48,1
20260902T154547Z,nogit,./...,BenchmarkNewUUID-10,418.3,48,1
20260902T154547Z,nogit,./...,BenchmarkNewUUID-10,418.8,48,1
